               epoch,      train/box_loss,      train/obj_loss,      train/cls_loss,   metrics/precision,      metrics/recall,     metrics/mAP_0.5,metrics/mAP_0.5:0.95,        val/box_loss,        val/obj_loss,        val/cls_loss,               x/lr0,               x/lr1,               x/lr2
                   0,            0.099071,             0.15005,            0.089678,             0.72096,             0.15078,             0.14705,            0.060445,            0.083192,             0.12768,            0.072631,            0.070034,           0.0033296,           0.0033296
                   1,             0.08655,             0.13749,            0.065933,             0.60542,             0.31374,             0.31964,             0.15613,            0.075633,             0.12098,             0.05347,             0.04003,           0.0066596,           0.0066596
                   2,            0.082613,             0.13264,            0.053045,             0.43481,             0.49286,             0.48223,             0.23892,            0.070646,             0.11579,            0.043021,            0.010024,           0.0099864,           0.0099864
                   3,            0.078477,             0.12678,            0.044709,             0.62944,             0.60163,             0.63521,             0.33123,            0.066102,             0.10697,            0.034097,           0.0099851,           0.0099851,           0.0099851
                   4,            0.074689,             0.12343,            0.038773,             0.73095,             0.67663,             0.73254,             0.40157,            0.062755,              0.1047,            0.029987,           0.0099851,           0.0099851,           0.0099851
                   5,            0.072425,             0.12148,             0.03591,             0.78448,             0.71809,             0.77357,             0.45152,            0.060439,            0.099517,            0.027737,           0.0099802,           0.0099802,           0.0099802
                   6,            0.070794,             0.12036,            0.034211,             0.81991,             0.73706,             0.79028,             0.47108,            0.059066,            0.097772,            0.026617,           0.0099753,           0.0099753,           0.0099753
                   7,            0.069482,             0.11725,            0.033286,             0.83271,             0.75509,             0.80845,             0.49997,            0.058134,            0.095907,            0.025942,           0.0099703,           0.0099703,           0.0099703
                   8,            0.068318,             0.11692,            0.032319,             0.84932,              0.7618,             0.81547,             0.51534,            0.057028,             0.09395,            0.025253,           0.0099654,           0.0099654,           0.0099654
                   9,            0.067566,             0.11525,            0.031855,             0.86232,             0.76634,             0.82292,             0.53335,             0.05601,            0.092188,             0.02512,           0.0099604,           0.0099604,           0.0099604
                  10,            0.066671,             0.11368,             0.03127,             0.87893,             0.77692,             0.83155,             0.54156,             0.05545,            0.090933,            0.024436,           0.0099555,           0.0099555,           0.0099555
                  11,            0.066238,             0.11257,            0.031011,             0.88367,             0.77439,             0.83492,              0.5628,            0.054321,            0.088582,            0.024043,           0.0099505,           0.0099505,           0.0099505
                  12,            0.065716,             0.11194,            0.030619,             0.88071,             0.78444,             0.83863,             0.56674,            0.054132,            0.088168,            0.023768,           0.0099456,           0.0099456,           0.0099456
                  13,            0.064912,             0.11137,            0.030361,             0.87711,             0.78437,             0.83994,             0.57165,            0.053995,            0.088276,            0.023455,           0.0099406,           0.0099406,           0.0099406
                  14,            0.064772,             0.11008,            0.030208,             0.88815,             0.79153,              0.8426,             0.58386,            0.053282,            0.085751,            0.023183,           0.0099357,           0.0099357,           0.0099357
                  15,            0.064423,              0.1104,            0.029885,             0.88756,             0.79488,             0.84692,              0.5889,            0.053116,            0.085838,            0.023175,           0.0099307,           0.0099307,           0.0099307
                  16,            0.063777,             0.10864,            0.029622,             0.89282,             0.79303,             0.84561,              0.5937,            0.052879,            0.084419,            0.022953,           0.0099258,           0.0099258,           0.0099258
                  17,            0.063389,             0.10876,            0.029513,             0.89945,             0.79691,             0.84813,             0.59594,            0.052476,             0.08433,            0.022596,           0.0099208,           0.0099208,           0.0099208
                  18,            0.063373,             0.10841,            0.029385,             0.90409,             0.79809,             0.84893,             0.60026,            0.052323,             0.08372,            0.022675,           0.0099159,           0.0099159,           0.0099159
                  19,            0.063029,             0.10725,            0.029269,             0.90691,             0.79924,             0.85214,             0.61088,             0.05177,            0.082662,            0.022406,           0.0099109,           0.0099109,           0.0099109
                  20,            0.062989,             0.10732,            0.029142,             0.90447,             0.80086,             0.85333,              0.6117,            0.051776,            0.081671,            0.022348,            0.009906,            0.009906,            0.009906
                  21,            0.062725,             0.10621,            0.028985,             0.90955,             0.80417,             0.85619,             0.61876,            0.051353,            0.080798,            0.022161,            0.009901,            0.009901,            0.009901
                  22,            0.062339,             0.10624,            0.028755,             0.91168,             0.80653,             0.85675,             0.62345,             0.05103,             0.08004,            0.022108,           0.0098961,           0.0098961,           0.0098961
                  23,            0.062066,             0.10507,            0.028708,             0.91218,             0.80582,              0.8582,             0.62813,            0.050925,            0.079451,            0.021977,           0.0098911,           0.0098911,           0.0098911
                  24,            0.061923,             0.10607,            0.028686,             0.91203,             0.80686,             0.85834,              0.6288,            0.050777,            0.079737,             0.02185,           0.0098861,           0.0098861,           0.0098861
                  25,            0.062007,              0.1061,            0.028575,             0.91189,             0.80702,             0.85813,             0.62964,            0.050722,            0.079378,            0.021876,           0.0098812,           0.0098812,           0.0098812
                  26,            0.061298,             0.10361,            0.028368,             0.91503,             0.80852,             0.85911,             0.63473,            0.050471,            0.078635,            0.021722,           0.0098763,           0.0098763,           0.0098763
                  27,            0.061578,             0.10509,            0.028336,             0.91981,              0.8098,             0.86086,             0.63916,            0.050286,            0.077481,            0.021659,           0.0098713,           0.0098713,           0.0098713
                  28,            0.061349,             0.10391,            0.028231,             0.91404,             0.81173,             0.86106,             0.64011,             0.05017,            0.077543,            0.021678,           0.0098664,           0.0098664,           0.0098664
                  29,            0.061327,             0.10433,            0.028394,             0.91815,             0.81283,             0.86171,             0.64029,            0.050162,            0.077765,            0.021613,           0.0098614,           0.0098614,           0.0098614
                  30,            0.061071,             0.10269,            0.028143,             0.92078,             0.81308,             0.86339,             0.64938,            0.049751,            0.076772,            0.021486,           0.0098565,           0.0098565,           0.0098565
                  31,            0.061169,             0.10262,            0.028237,             0.92306,             0.81359,             0.86397,               0.648,            0.049751,            0.076801,            0.021471,           0.0098515,           0.0098515,           0.0098515
                  32,            0.060993,             0.10295,            0.028025,             0.92166,             0.81628,             0.86522,             0.65098,            0.049627,            0.076062,            0.021402,           0.0098466,           0.0098466,           0.0098466
                  33,            0.060737,              0.1022,            0.027942,              0.9248,             0.81389,             0.86477,             0.65304,            0.049557,            0.075741,            0.021371,           0.0098416,           0.0098416,           0.0098416
                  34,            0.060736,             0.10238,             0.02797,             0.92456,             0.81571,              0.8654,             0.65555,            0.049412,            0.075152,              0.0213,           0.0098367,           0.0098367,           0.0098367
                  35,            0.060493,             0.10238,             0.02788,             0.92572,             0.81586,             0.86607,             0.65583,            0.049276,            0.075285,            0.021261,           0.0098317,           0.0098317,           0.0098317
                  36,            0.060559,             0.10069,            0.027861,             0.92657,             0.81743,             0.86702,             0.65883,             0.04918,            0.074917,            0.021217,           0.0098268,           0.0098268,           0.0098268
                  37,            0.060273,             0.10113,            0.027788,             0.92491,             0.81737,             0.86684,             0.66092,            0.049102,            0.074824,            0.021185,           0.0098218,           0.0098218,           0.0098218
                  38,            0.060418,             0.10199,            0.027743,             0.92706,             0.81795,             0.86755,             0.66245,            0.048981,            0.074659,            0.021165,           0.0098169,           0.0098169,           0.0098169
                  39,            0.060227,             0.10072,            0.027757,             0.92618,             0.81945,             0.86871,             0.66368,            0.048864,            0.074477,            0.021104,           0.0098119,           0.0098119,           0.0098119
                  40,            0.060159,             0.10124,            0.027785,             0.92698,             0.81927,             0.86805,             0.66455,            0.048854,             0.07411,            0.021052,            0.009807,            0.009807,            0.009807
                  41,            0.060253,             0.10143,            0.027742,             0.92794,             0.81864,             0.86822,             0.66562,            0.048803,            0.073882,            0.021026,            0.009802,            0.009802,            0.009802
                  42,            0.060317,             0.10186,            0.027748,             0.92681,             0.81911,             0.86827,             0.66565,             0.04869,            0.073949,            0.021016,            0.009797,            0.009797,            0.009797
                  43,            0.060153,             0.10176,            0.027764,             0.92877,             0.81983,             0.86885,             0.66676,            0.048681,            0.073813,            0.020975,           0.0097921,           0.0097921,           0.0097921
                  44,            0.059906,             0.10119,             0.02758,             0.92991,             0.81962,             0.86886,             0.66811,            0.048604,            0.073408,            0.020958,           0.0097871,           0.0097871,           0.0097871
                  45,            0.060078,             0.10036,            0.027576,             0.92857,             0.82077,             0.86941,              0.6705,            0.048501,            0.073063,            0.020929,           0.0097822,           0.0097822,           0.0097822
                  46,            0.059737,             0.10016,            0.027524,             0.93066,             0.82033,             0.86972,             0.67111,             0.04846,            0.072854,            0.020915,           0.0097773,           0.0097773,           0.0097773
                  47,            0.059751,            0.099995,            0.027383,             0.93026,             0.82101,             0.87006,             0.67268,            0.048355,            0.072635,             0.02089,           0.0097723,           0.0097723,           0.0097723
                  48,            0.059587,             0.10008,            0.027423,             0.93188,             0.82125,             0.87062,             0.67404,            0.048298,             0.07256,            0.020853,           0.0097674,           0.0097674,           0.0097674
                  49,            0.059642,            0.099863,            0.027381,             0.93282,             0.82108,             0.87058,              0.6743,             0.04827,            0.072344,            0.020843,           0.0097624,           0.0097624,           0.0097624
                  50,            0.059545,            0.099055,             0.02737,             0.93386,             0.82124,             0.87101,             0.67488,            0.048206,            0.072147,            0.020816,           0.0097575,           0.0097575,           0.0097575
                  51,            0.059476,            0.099054,            0.027327,             0.93361,              0.8218,             0.87136,             0.67572,            0.048177,            0.072087,            0.020811,           0.0097525,           0.0097525,           0.0097525
                  52,            0.059235,            0.098988,            0.027192,             0.93356,             0.82217,              0.8717,             0.67721,              0.0481,             0.07202,            0.020782,           0.0097476,           0.0097476,           0.0097476
                  53,            0.059224,            0.099868,            0.027123,             0.93427,              0.8231,             0.87221,             0.67856,            0.048033,            0.071869,            0.020767,           0.0097426,           0.0097426,           0.0097426
                  54,            0.059235,              0.1001,            0.027386,             0.93356,             0.82297,             0.87208,             0.67902,            0.048026,            0.071704,            0.020749,           0.0097377,           0.0097377,           0.0097377
                  55,            0.059613,            0.099792,            0.027385,             0.93407,             0.82315,             0.87233,             0.67927,            0.048007,            0.071638,            0.020722,           0.0097327,           0.0097327,           0.0097327
                  56,             0.05927,            0.099426,            0.027132,              0.9345,             0.82325,             0.87256,             0.68035,            0.047964,            0.071514,            0.020704,           0.0097278,           0.0097278,           0.0097278
                  57,            0.059135,             0.10009,            0.027335,             0.93501,             0.82313,             0.87258,             0.68091,            0.047924,            0.071358,            0.020679,           0.0097228,           0.0097228,           0.0097228
                  58,            0.059432,            0.099262,            0.027266,             0.93494,             0.82382,             0.87274,             0.68131,            0.047893,            0.071398,            0.020666,           0.0097179,           0.0097179,           0.0097179
                  59,            0.059259,            0.098987,            0.027215,             0.93618,             0.82323,             0.87285,             0.68216,            0.047852,            0.071323,            0.020651,           0.0097129,           0.0097129,           0.0097129
                  60,            0.058993,            0.097485,            0.027065,             0.93671,              0.8235,               0.873,             0.68281,            0.047814,             0.07123,             0.02064,            0.009708,            0.009708,            0.009708
                  61,             0.05888,             0.09795,            0.027057,             0.93633,             0.82371,             0.87312,              0.6833,            0.047784,            0.071159,            0.020628,            0.009703,            0.009703,            0.009703
                  62,            0.059085,            0.097557,            0.027078,             0.93766,             0.82346,             0.87336,             0.68381,            0.047742,            0.071042,            0.020619,            0.009698,            0.009698,            0.009698
                  63,            0.058875,            0.097973,            0.027034,             0.93773,             0.82384,             0.87339,              0.6844,             0.04771,            0.071002,            0.020608,           0.0096931,           0.0096931,           0.0096931
                  64,            0.058843,            0.097473,            0.027074,             0.93789,             0.82424,             0.87361,             0.68502,            0.047673,             0.07093,            0.020595,           0.0096881,           0.0096881,           0.0096881
                  65,            0.058892,            0.098259,            0.027189,             0.93884,             0.82416,             0.87376,             0.68555,            0.047645,            0.070816,            0.020579,           0.0096832,           0.0096832,           0.0096832
                  66,            0.058979,             0.09963,            0.027104,              0.9387,             0.82411,             0.87379,             0.68567,            0.047628,            0.070805,             0.02057,           0.0096783,           0.0096783,           0.0096783
                  67,            0.058868,            0.098436,            0.027055,             0.93891,             0.82425,             0.87388,             0.68614,            0.047609,            0.070766,            0.020562,           0.0096733,           0.0096733,           0.0096733
                  68,            0.058713,            0.097584,            0.027005,             0.93904,             0.82459,             0.87409,             0.68658,            0.047591,            0.070721,            0.020554,           0.0096684,           0.0096684,           0.0096684
                  69,            0.058481,            0.097528,            0.026899,             0.93906,             0.82479,             0.87418,             0.68715,            0.047563,            0.070654,            0.020545,           0.0096634,           0.0096634,           0.0096634
                  70,            0.058787,             0.09753,            0.027027,             0.93989,             0.82456,              0.8743,             0.68756,            0.047541,            0.070611,            0.020539,           0.0096585,           0.0096585,           0.0096585
                  71,            0.058735,            0.097379,             0.02694,             0.93927,             0.82504,             0.87436,             0.68808,            0.047521,            0.070551,            0.020532,           0.0096535,           0.0096535,           0.0096535
                  72,            0.058576,            0.097399,            0.026897,             0.93917,             0.82519,             0.87452,             0.68851,              0.0475,            0.070472,            0.020527,           0.0096486,           0.0096486,           0.0096486
                  73,            0.058651,             0.09693,            0.026939,             0.93903,             0.82529,             0.87449,             0.68893,            0.047476,            0.070407,            0.020522,           0.0096436,           0.0096436,           0.0096436
                  74,            0.058376,             0.09622,            0.026899,             0.93878,             0.82537,             0.87446,             0.68942,            0.047455,            0.070314,            0.020516,           0.0096387,           0.0096387,           0.0096387
                  75,            0.058664,            0.097825,            0.027084,             0.93926,             0.82523,             0.87446,             0.68977,            0.047434,            0.070256,            0.020508,           0.0096337,           0.0096337,           0.0096337
                  76,            0.058526,            0.097109,            0.026902,             0.93929,             0.82527,             0.87457,             0.68992,            0.047417,            0.070225,            0.020502,           0.0096288,           0.0096288,           0.0096288
                  77,            0.058489,            0.096956,            0.026887,             0.93934,             0.82535,              0.8746,             0.69028,            0.047402,            0.070183,            0.020497,           0.0096238,           0.0096238,           0.0096238
                  78,            0.058376,             0.09665,             0.02682,             0.93937,             0.82548,             0.87468,             0.69046,            0.047389,            0.070146,            0.020493,           0.0096188,           0.0096188,           0.0096188
                  79,            0.058456,             0.09754,            0.026818,             0.93945,             0.82556,             0.87473,             0.69063,            0.047377,            0.070113,            0.020488,           0.0096139,           0.0096139,           0.0096139
                  80,            0.058548,             0.09934,            0.027049,             0.94018,              0.8253,             0.87477,             0.69078,            0.047367,            0.070096,            0.020483,            0.009609,            0.009609,            0.009609
                  81,             0.05866,            0.097864,            0.026969,             0.94039,             0.82543,             0.87478,             0.69084,            0.047357,            0.070094,            0.020478,            0.009604,            0.009604,            0.009604
                  82,            0.058468,            0.097204,            0.026925,             0.94048,             0.82554,              0.8748,             0.69098,            0.047346,            0.070071,            0.020475,            0.009599,            0.009599,            0.009599
                  83,            0.058443,            0.097452,            0.026809,             0.94057,             0.82566,             0.87486,             0.69122,            0.047334,            0.070052,            0.020471,           0.0095941,           0.0095941,           0.0095941
                  84,            0.058161,            0.095968,            0.026677,             0.94062,             0.82578,             0.87493,             0.69153,            0.047321,             0.07002,            0.020467,           0.0095892,           0.0095892,           0.0095892
                  85,            0.058268,            0.097541,            0.026781,             0.94059,             0.82594,             0.87504,             0.69181,            0.047306,            0.069976,            0.020463,           0.0095842,           0.0095842,           0.0095842
                  86,            0.058104,            0.096027,            0.026763,             0.94055,             0.82609,             0.87516,             0.69217,            0.047292,            0.069937,            0.020458,           0.0095793,           0.0095793,           0.0095793
                  87,            0.058056,            0.096558,            0.026691,             0.94135,             0.82591,             0.87518,              0.6925,             0.04728,            0.069895,            0.020453,           0.0095743,           0.0095743,           0.0095743
                  88,            0.058296,             0.09648,            0.026799,             0.94125,               0.826,             0.87517,              0.6928,            0.047268,            0.069865,            0.020448,           0.0095694,           0.0095694,           0.0095694
                  89,            0.058171,            0.096701,            0.026738,             0.94143,              0.8261,             0.87526,             0.69306,            0.047256,             0.06982,            0.020445,           0.0095644,           0.0095644,           0.0095644
                  90,             0.05818,            0.096831,            0.026774,             0.94164,             0.82621,             0.87535,             0.69335,            0.047244,              0.0698,            0.020442,           0.0095595,           0.0095595,           0.0095595
                  91,            0.057991,            0.096021,            0.026662,             0.94147,             0.82635,             0.87542,             0.69354,            0.047234,            0.069784,            0.020438,           0.0095545,           0.0095545,           0.0095545
                  92,            0.058162,            0.096867,            0.026605,             0.94165,             0.82643,             0.87549,             0.69383,            0.047225,             0.06976,            0.020435,           0.0095496,           0.0095496,           0.0095496
                  93,            0.058242,            0.096123,            0.026773,             0.94173,             0.82652,             0.87557,             0.69413,            0.047215,            0.069723,            0.020433,           0.0095446,           0.0095446,           0.0095446
                  94,            0.057854,            0.095533,             0.02654,             0.94176,              0.8265,             0.87564,             0.69435,            0.047206,            0.069681,            0.020429,           0.0095397,           0.0095397,           0.0095397
                  95,            0.058166,            0.096801,             0.02675,             0.94178,             0.82656,             0.87567,             0.69455,            0.047196,            0.069646,            0.020426,           0.0095347,           0.0095347,           0.0095347
                  96,            0.058059,            0.096536,            0.026772,             0.94166,             0.82668,             0.87575,             0.69477,            0.047186,            0.069622,            0.020423,           0.0095298,           0.0095298,           0.0095298
                  97,            0.058211,            0.096952,            0.026891,             0.94182,             0.82668,             0.87577,             0.69499,            0.047178,            0.069591,            0.020419,           0.0095248,           0.0095248,           0.0095248
                  98,            0.058126,            0.097171,            0.026782,             0.94184,             0.82664,             0.87583,             0.69516,            0.047172,            0.069559,            0.020416,           0.0095198,           0.0095198,           0.0095198
                  99,            0.058089,            0.096388,            0.026695,             0.94247,             0.82632,             0.87585,              0.6954,            0.047167,            0.069536,            0.020414,           0.0095149,           0.0095149,           0.0095149
                 100,            0.058053,            0.096642,            0.026759,             0.94184,             0.82679,             0.87593,              0.6955,            0.047161,            0.069521,             0.02041,             0.00951,             0.00951,             0.00951
                 101,            0.057775,            0.095995,            0.026613,             0.94179,             0.82678,             0.87594,             0.69574,            0.047151,            0.069489,            0.020406,            0.009505,            0.009505,            0.009505
                 102,            0.058082,            0.096586,            0.026626,              0.9417,              0.8267,             0.87599,             0.69607,            0.047142,            0.069456,            0.020404,              0.0095,              0.0095,              0.0095
                 103,            0.057887,            0.095764,            0.026615,             0.94206,             0.82668,             0.87603,             0.69629,            0.047133,             0.06943,              0.0204,           0.0094951,           0.0094951,           0.0094951
                 104,            0.057908,            0.096023,            0.026598,             0.94228,             0.82664,             0.87608,             0.69654,            0.047125,            0.069426,            0.020398,           0.0094902,           0.0094902,           0.0094902
                 105,            0.057811,            0.095907,            0.026564,             0.94254,             0.82656,             0.87609,             0.69687,            0.047116,            0.069409,            0.020395,           0.0094852,           0.0094852,           0.0094852
                 106,            0.057984,            0.096144,            0.026644,             0.94278,              0.8265,             0.87612,             0.69706,            0.047105,            0.069383,            0.020392,           0.0094803,           0.0094803,           0.0094803
                 107,             0.05784,            0.096055,            0.026593,             0.94235,             0.82676,             0.87618,             0.69728,            0.047096,            0.069344,            0.020389,           0.0094753,           0.0094753,           0.0094753
                 108,            0.057661,            0.095358,            0.026458,             0.94273,              0.8267,             0.87621,             0.69761,            0.047086,            0.069302,            0.020387,           0.0094704,           0.0094704,           0.0094704
                 109,            0.057643,            0.094989,            0.026428,             0.94243,             0.82689,              0.8763,              0.6979,            0.047077,            0.069285,            0.020383,           0.0094654,           0.0094654,           0.0094654
                 110,            0.057583,            0.094933,            0.026484,             0.94279,             0.82674,             0.87624,             0.69823,            0.047068,            0.069253,             0.02038,           0.0094605,           0.0094605,           0.0094605
                 111,            0.057665,            0.095106,            0.026537,              0.9432,             0.82662,             0.87629,             0.69842,            0.047061,             0.06923,            0.020378,           0.0094555,           0.0094555,           0.0094555
                 112,            0.057471,            0.094388,            0.026461,              0.9424,             0.82702,             0.87635,             0.69866,            0.047052,            0.069211,            0.020375,           0.0094506,           0.0094506,           0.0094506
                 113,            0.057578,            0.095494,            0.026484,             0.94252,             0.82709,             0.87637,             0.69889,            0.047042,            0.069177,            0.020371,           0.0094456,           0.0094456,           0.0094456
                 114,            0.057688,            0.095188,            0.026563,             0.94243,             0.82699,             0.87639,             0.69909,            0.047032,            0.069144,            0.020368,           0.0094407,           0.0094407,           0.0094407
                 115,            0.057564,            0.095009,            0.026388,             0.94243,             0.82691,             0.87637,             0.69936,             0.04702,            0.069108,            0.020366,           0.0094357,           0.0094357,           0.0094357
                 116,            0.057499,            0.094327,            0.026461,             0.94181,             0.82725,             0.87637,             0.69959,            0.047011,            0.069087,            0.020363,           0.0094307,           0.0094307,           0.0094307
                 117,            0.057453,            0.095013,            0.026387,               0.942,             0.82712,             0.87639,             0.69973,            0.047001,            0.069062,             0.02036,           0.0094258,           0.0094258,           0.0094258
                 118,            0.057474,            0.095379,            0.026562,             0.94226,             0.82712,             0.87635,             0.69981,            0.046997,             0.06903,            0.020358,           0.0094208,           0.0094208,           0.0094208
                 119,            0.057886,             0.09714,            0.026698,              0.9416,             0.82741,             0.87638,             0.69983,            0.046993,            0.069002,            0.020354,           0.0094159,           0.0094159,           0.0094159
                 120,            0.057809,            0.096662,            0.026616,             0.94255,             0.82696,             0.87637,             0.69995,            0.046987,            0.068998,            0.020353,           0.0094109,           0.0094109,           0.0094109
                 121,             0.05764,            0.095351,            0.026582,             0.94189,             0.82731,             0.87642,             0.70006,            0.046981,            0.068989,             0.02035,            0.009406,            0.009406,            0.009406
                 122,            0.057747,            0.095942,             0.02661,             0.94186,             0.82732,             0.87648,             0.70024,            0.046978,            0.068975,            0.020348,            0.009401,            0.009401,            0.009401
                 123,            0.057461,            0.094586,            0.026462,             0.94209,             0.82718,             0.87645,              0.7005,            0.046972,            0.068957,            0.020346,           0.0093961,           0.0093961,           0.0093961
                 124,            0.057404,            0.094535,            0.026438,             0.94143,              0.8275,             0.87648,             0.70064,            0.046967,            0.068942,            0.020342,           0.0093912,           0.0093912,           0.0093912
                 125,             0.05767,            0.095611,            0.026525,             0.94158,             0.82741,              0.8765,             0.70086,            0.046962,            0.068936,            0.020339,           0.0093862,           0.0093862,           0.0093862
                 126,             0.05748,            0.095434,            0.026476,             0.94185,             0.82735,             0.87652,             0.70111,            0.046955,              0.0689,            0.020337,           0.0093813,           0.0093813,           0.0093813
                 127,            0.057471,            0.094098,            0.026482,             0.94196,             0.82722,             0.87656,             0.70134,            0.046946,            0.068875,            0.020334,           0.0093763,           0.0093763,           0.0093763
                 128,            0.057503,             0.09458,            0.026521,             0.94208,             0.82712,             0.87664,             0.70134,            0.046943,            0.068879,            0.020331,           0.0093714,           0.0093714,           0.0093714
                 129,            0.057614,            0.094856,            0.026449,             0.94144,             0.82754,             0.87671,             0.70161,            0.046934,            0.068861,            0.020329,           0.0093664,           0.0093664,           0.0093664
                 130,            0.057283,            0.094202,            0.026409,             0.94161,              0.8276,             0.87674,             0.70181,            0.046924,            0.068826,            0.020326,           0.0093615,           0.0093615,           0.0093615
                 131,            0.057442,            0.094726,            0.026508,             0.94171,             0.82753,             0.87678,             0.70197,            0.046914,            0.068816,            0.020322,           0.0093565,           0.0093565,           0.0093565
                 132,            0.057377,            0.094841,            0.026419,             0.94191,             0.82753,             0.87684,             0.70213,            0.046905,             0.06879,             0.02032,           0.0093516,           0.0093516,           0.0093516
                 133,            0.057429,            0.094489,            0.026438,             0.94215,             0.82737,              0.8769,             0.70234,            0.046897,             0.06877,            0.020316,           0.0093466,           0.0093466,           0.0093466
                 134,            0.057489,             0.09552,            0.026514,             0.94217,             0.82734,             0.87692,             0.70248,            0.046892,            0.068759,            0.020315,           0.0093416,           0.0093416,           0.0093416
                 135,             0.05752,            0.095408,            0.026486,             0.94139,             0.82753,             0.87693,             0.70255,            0.046885,            0.068735,            0.020312,           0.0093367,           0.0093367,           0.0093367
                 136,            0.057497,            0.095256,            0.026493,             0.94164,             0.82747,             0.87701,             0.70284,            0.046877,            0.068725,            0.020309,           0.0093317,           0.0093317,           0.0093317
                 137,            0.057269,            0.093908,            0.026342,             0.94199,             0.82731,             0.87703,             0.70298,             0.04687,            0.068695,            0.020306,           0.0093268,           0.0093268,           0.0093268
                 138,            0.057136,            0.093839,            0.026356,             0.94197,             0.82733,             0.87702,             0.70315,            0.046863,            0.068675,            0.020304,           0.0093219,           0.0093219,           0.0093219
                 139,            0.057234,            0.094145,            0.026309,              0.9421,              0.8273,             0.87707,             0.70338,            0.046856,            0.068644,            0.020302,           0.0093169,           0.0093169,           0.0093169
                 140,             0.05719,            0.093695,            0.026373,             0.94138,             0.82763,             0.87713,             0.70368,            0.046847,            0.068617,            0.020299,           0.0093119,           0.0093119,           0.0093119
                 141,            0.057214,            0.094205,            0.026357,             0.94141,             0.82761,             0.87719,             0.70375,             0.04684,            0.068593,            0.020296,            0.009307,            0.009307,            0.009307
                 142,            0.057173,            0.093818,            0.026219,              0.9415,             0.82752,             0.87725,              0.7039,            0.046832,             0.06856,            0.020293,            0.009302,            0.009302,            0.009302
                 143,            0.057163,            0.093417,            0.026366,             0.94154,              0.8275,             0.87722,             0.70404,            0.046823,            0.068534,             0.02029,           0.0092971,           0.0092971,           0.0092971
                 144,            0.057093,            0.092741,            0.026335,             0.94156,             0.82743,             0.87728,             0.70425,            0.046813,            0.068494,            0.020288,           0.0092922,           0.0092922,           0.0092922
                 145,            0.057061,            0.094023,            0.026287,              0.9411,             0.82768,              0.8773,             0.70443,            0.046806,            0.068479,            0.020286,           0.0092872,           0.0092872,           0.0092872
                 146,            0.057273,            0.093887,            0.026442,             0.94119,             0.82757,             0.87729,              0.7046,              0.0468,            0.068468,            0.020283,           0.0092823,           0.0092823,           0.0092823
                 147,            0.057367,            0.094575,            0.026435,              0.9413,             0.82748,             0.87735,             0.70477,            0.046795,            0.068437,             0.02028,           0.0092773,           0.0092773,           0.0092773
                 148,            0.057024,            0.093972,            0.026293,             0.94137,             0.82751,             0.87736,             0.70504,            0.046786,            0.068395,            0.020278,           0.0092724,           0.0092724,           0.0092724
                 149,            0.057096,            0.093588,            0.026245,             0.94083,             0.82775,             0.87737,             0.70528,            0.046776,            0.068368,            0.020274,           0.0092674,           0.0092674,           0.0092674
                 150,            0.057084,            0.093318,            0.026329,             0.94083,             0.82778,             0.87739,             0.70558,            0.046766,             0.06833,            0.020269,           0.0092625,           0.0092625,           0.0092625
                 151,            0.057035,            0.094157,            0.026272,             0.94101,             0.82785,             0.87746,             0.70582,            0.046757,            0.068297,            0.020266,           0.0092575,           0.0092575,           0.0092575
                 152,            0.057027,            0.093656,            0.026181,             0.94128,             0.82782,             0.87745,             0.70599,             0.04675,            0.068276,            0.020263,           0.0092526,           0.0092526,           0.0092526
                 153,            0.056989,            0.093798,            0.026229,              0.9406,              0.8282,              0.8775,             0.70619,            0.046741,            0.068245,            0.020261,           0.0092476,           0.0092476,           0.0092476
                 154,            0.057027,            0.093754,            0.026263,             0.94079,              0.8282,             0.87754,             0.70646,            0.046731,             0.06822,            0.020257,           0.0092426,           0.0092426,           0.0092426
                 155,            0.057041,            0.093486,            0.026243,             0.94106,             0.82815,             0.87758,             0.70676,            0.046721,            0.068193,            0.020254,           0.0092377,           0.0092377,           0.0092377
                 156,            0.057036,             0.09422,            0.026419,             0.94066,             0.82848,             0.87763,              0.7069,            0.046713,            0.068177,            0.020251,           0.0092327,           0.0092327,           0.0092327
                 157,            0.057049,            0.092839,            0.026271,             0.94094,             0.82845,              0.8777,             0.70714,            0.046705,            0.068159,            0.020248,           0.0092278,           0.0092278,           0.0092278
                 158,            0.057121,            0.094822,            0.026377,             0.94142,             0.82834,             0.87771,             0.70721,            0.046698,            0.068159,            0.020246,           0.0092229,           0.0092229,           0.0092229
                 159,            0.057116,            0.093716,            0.026298,             0.94169,             0.82819,             0.87773,             0.70742,            0.046688,            0.068146,            0.020243,           0.0092179,           0.0092179,           0.0092179
                 160,            0.056956,            0.093605,            0.026272,             0.94121,             0.82854,             0.87776,             0.70772,            0.046678,            0.068128,             0.02024,           0.0092129,           0.0092129,           0.0092129
                 161,            0.056973,            0.093634,            0.026396,             0.94136,             0.82848,             0.87776,             0.70794,            0.046671,            0.068091,            0.020235,            0.009208,            0.009208,            0.009208
                 162,            0.057054,            0.093329,            0.026269,             0.94175,             0.82847,             0.87783,             0.70819,            0.046662,            0.068084,            0.020232,           0.0092031,           0.0092031,           0.0092031
                 163,            0.057071,             0.09336,            0.026372,              0.9422,             0.82836,              0.8779,             0.70838,            0.046653,            0.068069,            0.020229,           0.0091981,           0.0091981,           0.0091981
                 164,            0.056794,            0.092673,            0.026092,             0.94152,             0.82869,              0.8779,             0.70864,            0.046643,            0.068044,            0.020226,           0.0091932,           0.0091932,           0.0091932
                 165,             0.05683,            0.093066,            0.026144,             0.94176,             0.82867,             0.87802,             0.70898,             0.04663,            0.068009,            0.020222,           0.0091882,           0.0091882,           0.0091882
                 166,            0.056743,            0.092544,            0.026188,             0.94191,             0.82867,             0.87805,             0.70924,            0.046618,            0.067984,            0.020219,           0.0091833,           0.0091833,           0.0091833
                 167,            0.056803,             0.09277,             0.02622,             0.94188,             0.82865,             0.87808,             0.70945,            0.046608,            0.067962,            0.020215,           0.0091783,           0.0091783,           0.0091783
                 168,            0.056877,            0.094741,            0.026311,             0.94204,             0.82856,             0.87816,             0.70967,              0.0466,            0.067946,            0.020211,           0.0091734,           0.0091734,           0.0091734
                 169,            0.057024,            0.094646,            0.026268,              0.9424,             0.82854,              0.8782,             0.70985,            0.046594,             0.06793,            0.020208,           0.0091684,           0.0091684,           0.0091684
                 170,             0.05698,            0.093729,            0.026204,             0.94239,             0.82857,             0.87825,             0.70999,            0.046585,            0.067903,            0.020205,           0.0091635,           0.0091635,           0.0091635
                 171,            0.056769,            0.093467,              0.0261,             0.94258,             0.82864,             0.87829,             0.71015,            0.046578,            0.067881,            0.020201,           0.0091585,           0.0091585,           0.0091585
                 172,            0.057016,            0.093934,            0.026367,             0.94211,             0.82904,             0.87832,             0.71042,            0.046571,            0.067872,            0.020197,           0.0091535,           0.0091535,           0.0091535
                 173,             0.05701,            0.093925,            0.026294,             0.94298,             0.82862,             0.87836,             0.71056,            0.046563,            0.067835,            0.020195,           0.0091486,           0.0091486,           0.0091486
                 174,            0.056953,            0.093589,            0.026288,             0.94305,             0.82862,              0.8784,             0.71069,            0.046555,             0.06781,            0.020192,           0.0091436,           0.0091436,           0.0091436
                 175,            0.056911,            0.093197,            0.026194,              0.9432,             0.82856,             0.87844,             0.71093,            0.046547,            0.067779,            0.020188,           0.0091387,           0.0091387,           0.0091387
                 176,            0.056668,            0.093502,            0.025964,             0.94252,             0.82897,             0.87849,             0.71114,            0.046538,            0.067755,            0.020185,           0.0091337,           0.0091337,           0.0091337
                 177,            0.056635,            0.092663,             0.02608,             0.94329,             0.82854,             0.87858,             0.71125,            0.046528,            0.067727,            0.020182,           0.0091288,           0.0091288,           0.0091288
                 178,             0.05669,             0.09303,             0.02617,              0.9432,             0.82869,              0.8786,             0.71144,            0.046518,            0.067696,            0.020178,           0.0091239,           0.0091239,           0.0091239
                 179,            0.056742,            0.093584,            0.026161,             0.94325,             0.82871,             0.87862,             0.71159,             0.04651,            0.067661,            0.020173,           0.0091189,           0.0091189,           0.0091189
                 180,            0.056871,            0.093419,            0.026272,             0.94268,             0.82912,             0.87866,             0.71177,              0.0465,            0.067641,             0.02017,           0.0091139,           0.0091139,           0.0091139
                 181,            0.056827,            0.093082,            0.026181,             0.94268,             0.82913,             0.87867,             0.71201,            0.046491,            0.067604,            0.020166,            0.009109,            0.009109,            0.009109
                 182,            0.056632,            0.092754,             0.02613,              0.9426,             0.82912,              0.8787,             0.71221,            0.046482,            0.067567,            0.020163,           0.0091041,           0.0091041,           0.0091041
                 183,            0.056744,            0.092589,            0.026096,             0.94345,             0.82884,             0.87874,             0.71257,            0.046471,            0.067536,            0.020159,           0.0090991,           0.0090991,           0.0090991
                 184,            0.056685,            0.091887,            0.026128,             0.94355,             0.82895,             0.87877,             0.71278,            0.046463,              0.0675,            0.020155,           0.0090942,           0.0090942,           0.0090942
                 185,            0.056686,            0.092536,             0.02622,             0.94348,             0.82903,              0.8788,             0.71303,            0.046456,            0.067478,            0.020151,           0.0090892,           0.0090892,           0.0090892
                 186,            0.056848,             0.09399,            0.026247,             0.94333,             0.82908,             0.87886,              0.7133,            0.046448,            0.067442,            0.020147,           0.0090843,           0.0090843,           0.0090843
                 187,            0.056732,            0.093778,            0.026208,             0.94322,             0.82918,             0.87884,             0.71342,             0.04644,            0.067409,            0.020143,           0.0090793,           0.0090793,           0.0090793
                 188,            0.056713,            0.093389,            0.026146,             0.94315,             0.82921,             0.87882,             0.71351,            0.046434,            0.067393,            0.020141,           0.0090744,           0.0090744,           0.0090744
                 189,              0.0567,            0.092687,            0.026169,             0.94319,             0.82912,             0.87875,             0.71363,             0.04643,            0.067374,            0.020138,           0.0090694,           0.0090694,           0.0090694
                 190,            0.056648,            0.091751,            0.026051,             0.94326,             0.82909,             0.87877,             0.71395,            0.046421,             0.06733,            0.020134,           0.0090644,           0.0090644,           0.0090644
                 191,            0.056509,            0.091849,               0.026,             0.94326,             0.82919,              0.8789,             0.71417,            0.046412,            0.067288,             0.02013,           0.0090595,           0.0090595,           0.0090595
                 192,            0.056822,            0.093012,            0.026353,             0.94328,             0.82924,             0.87895,             0.71436,            0.046401,            0.067253,            0.020126,           0.0090545,           0.0090545,           0.0090545
                 193,            0.056783,            0.093885,            0.026221,             0.94313,             0.82937,             0.87907,             0.71456,            0.046391,            0.067214,            0.020122,           0.0090496,           0.0090496,           0.0090496
                 194,            0.056761,            0.093951,            0.026208,             0.94324,             0.82939,              0.8791,             0.71475,            0.046381,            0.067191,            0.020118,           0.0090446,           0.0090446,           0.0090446
                 195,            0.056719,            0.093228,            0.026123,             0.94331,             0.82947,             0.87916,             0.71493,            0.046372,            0.067176,            0.020114,           0.0090397,           0.0090397,           0.0090397
                 196,            0.056727,            0.093428,             0.02612,             0.94335,             0.82952,             0.87916,             0.71505,            0.046363,            0.067144,            0.020109,           0.0090347,           0.0090347,           0.0090347
                 197,            0.056443,            0.092295,            0.025952,             0.94348,             0.82963,              0.8792,             0.71533,            0.046351,            0.067101,            0.020105,           0.0090298,           0.0090298,           0.0090298
                 198,            0.056605,            0.092802,            0.026206,             0.94345,             0.82973,             0.87927,             0.71556,            0.046344,            0.067075,            0.020101,           0.0090248,           0.0090248,           0.0090248
                 199,            0.056401,            0.091957,            0.025971,             0.94349,             0.82976,              0.8793,             0.71572,            0.046334,            0.067049,            0.020096,           0.0090199,           0.0090199,           0.0090199
                 200,            0.056534,            0.093245,            0.026032,             0.94355,             0.82974,             0.87933,             0.71598,            0.046322,            0.067016,            0.020092,           0.0090149,           0.0090149,           0.0090149
                 201,            0.056556,            0.092596,            0.026084,             0.94348,              0.8298,             0.87933,             0.71615,            0.046313,            0.066997,            0.020087,             0.00901,             0.00901,             0.00901
                 202,             0.05647,            0.092313,            0.026028,              0.9444,             0.82943,             0.87937,             0.71629,            0.046305,            0.066979,            0.020083,           0.0090051,           0.0090051,           0.0090051
                 203,            0.056389,            0.091461,            0.025946,             0.94427,              0.8295,             0.87943,             0.71652,            0.046293,            0.066952,            0.020079,           0.0090001,           0.0090001,           0.0090001
                 204,            0.056486,            0.092364,             0.02606,             0.94427,             0.82947,             0.87947,             0.71669,            0.046283,            0.066921,            0.020075,           0.0089952,           0.0089952,           0.0089952
                 205,            0.056527,            0.092043,            0.026074,             0.94435,             0.82957,             0.87957,             0.71708,            0.046274,            0.066887,            0.020072,           0.0089902,           0.0089902,           0.0089902
                 206,            0.056527,            0.093179,            0.026146,             0.94442,             0.82969,              0.8796,             0.71724,            0.046264,            0.066865,            0.020067,           0.0089853,           0.0089853,           0.0089853
                 207,            0.056447,            0.092323,            0.025991,             0.94426,              0.8297,             0.87958,             0.71741,            0.046254,            0.066822,            0.020063,           0.0089803,           0.0089803,           0.0089803
                 208,            0.056384,            0.092468,            0.026025,             0.94435,             0.82981,             0.87964,             0.71765,            0.046242,             0.06679,            0.020059,           0.0089753,           0.0089753,           0.0089753
                 209,            0.056505,            0.092707,            0.026082,             0.94454,             0.82982,             0.87969,             0.71783,            0.046235,            0.066762,            0.020055,           0.0089704,           0.0089704,           0.0089704
                 210,            0.056473,             0.09297,            0.026025,             0.94479,             0.82985,             0.87967,             0.71805,            0.046224,            0.066731,            0.020051,           0.0089654,           0.0089654,           0.0089654
                 211,             0.05642,            0.092993,            0.026096,             0.94459,             0.82995,              0.8797,             0.71822,            0.046216,            0.066703,            0.020047,           0.0089605,           0.0089605,           0.0089605
                 212,            0.056568,            0.091813,            0.026115,             0.94475,             0.82992,             0.87972,              0.7184,            0.046207,            0.066678,            0.020043,           0.0089555,           0.0089555,           0.0089555
                 213,            0.056596,            0.093598,            0.026167,              0.9447,              0.8299,             0.87968,             0.71844,            0.046202,            0.066659,             0.02004,           0.0089506,           0.0089506,           0.0089506
                 214,            0.056576,            0.093746,             0.02604,             0.94486,             0.82994,             0.87975,             0.71852,            0.046198,            0.066644,            0.020036,           0.0089456,           0.0089456,           0.0089456
                 215,            0.056648,            0.092963,            0.026158,              0.9449,             0.82989,             0.87977,             0.71875,            0.046191,            0.066618,            0.020033,           0.0089407,           0.0089407,           0.0089407
                 216,            0.056483,            0.091905,            0.026131,              0.9449,             0.82985,             0.87981,             0.71885,            0.046182,            0.066592,             0.02003,           0.0089358,           0.0089358,           0.0089358
                 217,            0.056328,            0.091878,            0.025962,             0.94479,             0.82991,             0.87978,             0.71902,            0.046174,            0.066569,            0.020026,           0.0089308,           0.0089308,           0.0089308
                 218,            0.056587,            0.092127,            0.026122,             0.94485,             0.82996,             0.87978,             0.71924,            0.046165,            0.066543,            0.020023,           0.0089258,           0.0089258,           0.0089258
                 219,            0.056384,             0.09219,            0.026089,             0.94481,             0.82997,             0.87977,             0.71937,            0.046159,            0.066514,             0.02002,           0.0089209,           0.0089209,           0.0089209
                 220,            0.056323,            0.091775,            0.026111,             0.94475,             0.82997,             0.87982,              0.7195,             0.04615,            0.066481,            0.020015,           0.0089159,           0.0089159,           0.0089159
                 221,            0.056232,            0.092193,            0.025937,             0.94466,             0.83007,             0.87987,             0.71966,            0.046141,            0.066463,             0.02001,            0.008911,            0.008911,            0.008911
                 222,            0.056435,            0.092795,            0.026025,             0.94479,             0.83012,             0.87994,             0.71982,            0.046131,            0.066439,            0.020008,           0.0089061,           0.0089061,           0.0089061
                 223,            0.056496,            0.092154,            0.026005,             0.94493,             0.83012,             0.87996,             0.72004,            0.046123,            0.066406,            0.020005,           0.0089011,           0.0089011,           0.0089011
                 224,            0.056284,            0.091467,            0.025956,             0.94483,             0.83011,             0.87998,             0.72024,            0.046114,            0.066382,            0.020001,           0.0088962,           0.0088962,           0.0088962
                 225,            0.056366,            0.091687,            0.026081,             0.94505,             0.83013,             0.88002,             0.72042,            0.046107,            0.066356,            0.019997,           0.0088912,           0.0088912,           0.0088912
                 226,            0.056429,            0.092082,            0.026072,             0.94519,             0.83015,             0.88006,             0.72068,            0.046098,            0.066339,            0.019993,           0.0088863,           0.0088863,           0.0088863
                 227,             0.05637,            0.091305,            0.026031,             0.94519,             0.83015,             0.88008,             0.72086,            0.046086,            0.066307,             0.01999,           0.0088813,           0.0088813,           0.0088813
                 228,            0.056248,            0.091296,            0.026047,             0.94507,             0.83012,             0.88004,             0.72107,            0.046078,            0.066267,            0.019986,           0.0088763,           0.0088763,           0.0088763
                 229,            0.056433,            0.092151,            0.026075,             0.94583,             0.82975,             0.88004,             0.72124,            0.046071,            0.066259,            0.019982,           0.0088714,           0.0088714,           0.0088714
                 230,            0.056372,            0.092913,            0.026012,             0.94532,              0.8301,             0.88007,             0.72138,            0.046063,            0.066231,            0.019978,           0.0088664,           0.0088664,           0.0088664
                 231,            0.056318,            0.091413,            0.025981,             0.94598,             0.82979,             0.88013,             0.72159,            0.046054,            0.066188,            0.019974,           0.0088615,           0.0088615,           0.0088615
                 232,            0.056279,            0.092025,            0.025977,             0.94605,              0.8298,             0.88019,             0.72176,            0.046042,            0.066154,             0.01997,           0.0088565,           0.0088565,           0.0088565
                 233,            0.056397,             0.09248,            0.025963,             0.94618,             0.82972,              0.8802,             0.72193,            0.046032,            0.066117,            0.019967,           0.0088516,           0.0088516,           0.0088516
                 234,            0.056398,            0.092276,            0.026075,             0.94622,             0.82979,             0.88024,             0.72203,            0.046024,            0.066082,            0.019963,           0.0088466,           0.0088466,           0.0088466
                 235,             0.05616,            0.092071,            0.025912,             0.94625,             0.82978,             0.88027,             0.72219,            0.046019,             0.06608,             0.01996,           0.0088417,           0.0088417,           0.0088417
                 236,            0.056264,            0.091745,            0.025989,             0.94565,             0.83018,             0.88033,             0.72236,            0.046015,             0.06609,            0.019955,           0.0088368,           0.0088368,           0.0088368
                 237,            0.056503,            0.093001,            0.026182,             0.94575,             0.83009,             0.88031,             0.72248,            0.046007,            0.066087,            0.019951,           0.0088318,           0.0088318,           0.0088318
                 238,            0.056304,             0.09264,            0.025966,             0.94601,             0.83015,             0.88038,             0.72254,            0.045999,            0.066075,            0.019949,           0.0088268,           0.0088268,           0.0088268
                 239,            0.056343,            0.091717,            0.026066,             0.94609,             0.83009,             0.88034,             0.72266,            0.045994,             0.06606,            0.019946,           0.0088219,           0.0088219,           0.0088219
                 240,            0.056144,            0.091559,            0.025899,             0.94616,             0.83014,             0.88038,             0.72277,            0.045984,            0.066024,            0.019942,            0.008817,            0.008817,            0.008817
                 241,            0.056259,            0.091539,            0.026015,             0.94631,             0.83006,             0.88043,             0.72293,            0.045972,            0.065996,            0.019939,            0.008812,            0.008812,            0.008812
                 242,            0.056362,            0.091604,            0.026002,             0.94641,             0.83003,             0.88037,             0.72312,            0.045963,             0.06597,            0.019937,           0.0088071,           0.0088071,           0.0088071
                 243,            0.056118,            0.090365,            0.025865,             0.94741,             0.82971,             0.88041,             0.72332,            0.045954,            0.065933,            0.019934,           0.0088021,           0.0088021,           0.0088021
                 244,             0.05611,            0.092327,            0.025889,             0.94743,             0.82978,             0.88041,             0.72346,            0.045946,            0.065892,            0.019931,           0.0087972,           0.0087972,           0.0087972
                 245,            0.056022,            0.091404,            0.025933,             0.94743,             0.82983,             0.88044,             0.72369,            0.045939,            0.065875,            0.019927,           0.0087922,           0.0087922,           0.0087922
                 246,            0.056326,            0.091861,            0.026004,             0.94745,             0.82982,             0.88045,             0.72381,            0.045931,             0.06584,            0.019924,           0.0087872,           0.0087872,           0.0087872
                 247,            0.056135,            0.091584,            0.025893,             0.94749,             0.82977,             0.88044,             0.72397,            0.045921,            0.065809,            0.019921,           0.0087823,           0.0087823,           0.0087823
                 248,            0.056144,            0.091076,             0.02587,             0.94745,             0.82995,             0.88047,             0.72421,            0.045912,            0.065772,            0.019918,           0.0087774,           0.0087774,           0.0087774
                 249,            0.056075,            0.091456,            0.025851,             0.94736,              0.8299,              0.8805,             0.72437,            0.045901,            0.065729,            0.019915,           0.0087724,           0.0087724,           0.0087724
                 250,            0.056198,             0.09181,            0.025989,              0.9473,             0.82988,             0.88057,             0.72453,             0.04589,            0.065685,            0.019911,           0.0087674,           0.0087674,           0.0087674
                 251,            0.055931,            0.091308,            0.025875,             0.94797,             0.82961,             0.88061,             0.72482,             0.04588,            0.065641,            0.019907,           0.0087625,           0.0087625,           0.0087625
                 252,            0.056128,            0.091809,            0.025954,             0.94737,             0.82992,             0.88061,             0.72491,            0.045871,            0.065612,            0.019904,           0.0087576,           0.0087576,           0.0087576
                 253,            0.056017,            0.090535,              0.0259,             0.94738,             0.83007,             0.88067,             0.72508,            0.045861,            0.065572,              0.0199,           0.0087526,           0.0087526,           0.0087526
                 254,            0.056204,            0.091443,            0.026002,             0.94802,             0.82968,              0.8807,             0.72521,            0.045853,            0.065563,            0.019897,           0.0087476,           0.0087476,           0.0087476
                 255,            0.056022,            0.091015,            0.025884,             0.94809,             0.82976,             0.88068,             0.72539,            0.045845,             0.06554,            0.019893,           0.0087427,           0.0087427,           0.0087427
                 256,            0.056124,            0.092125,            0.026028,             0.94812,             0.82965,             0.88062,             0.72546,            0.045839,            0.065516,            0.019889,           0.0087378,           0.0087378,           0.0087378
                 257,             0.05629,             0.09218,            0.026034,             0.94814,              0.8296,             0.88061,             0.72554,            0.045834,              0.0655,            0.019886,           0.0087328,           0.0087328,           0.0087328
                 258,            0.055991,            0.090908,            0.025821,             0.94815,             0.82961,             0.88067,             0.72559,            0.045827,            0.065476,            0.019882,           0.0087278,           0.0087278,           0.0087278
                 259,            0.056042,            0.091367,            0.025871,             0.94833,             0.82968,             0.88071,             0.72576,            0.045818,            0.065442,            0.019879,           0.0087229,           0.0087229,           0.0087229
                 260,            0.055935,            0.091066,            0.025807,             0.94832,             0.82976,             0.88076,             0.72581,            0.045811,             0.06542,            0.019876,            0.008718,            0.008718,            0.008718
                 261,            0.056099,             0.09152,            0.025954,             0.94834,              0.8298,             0.88076,             0.72588,            0.045804,            0.065386,            0.019873,            0.008713,            0.008713,            0.008713
                 262,            0.056074,            0.091367,            0.025971,              0.9483,             0.82984,             0.88078,             0.72597,            0.045797,            0.065372,             0.01987,           0.0087081,           0.0087081,           0.0087081
                 263,            0.056163,            0.091522,            0.025948,             0.94829,             0.82988,             0.88078,             0.72617,             0.04579,            0.065331,            0.019866,           0.0087031,           0.0087031,           0.0087031
                 264,            0.056027,            0.091977,              0.0259,             0.94818,              0.8299,             0.88076,             0.72618,            0.045785,            0.065313,            0.019863,           0.0086981,           0.0086981,           0.0086981
                 265,            0.055957,            0.090694,            0.025873,             0.94889,             0.82961,             0.88081,              0.7263,            0.045775,            0.065285,            0.019858,           0.0086932,           0.0086932,           0.0086932
                 266,            0.055911,            0.090943,            0.025807,             0.94878,             0.82963,             0.88083,             0.72649,            0.045766,            0.065257,            0.019856,           0.0086882,           0.0086882,           0.0086882
                 267,            0.056147,             0.09207,             0.02595,             0.94883,              0.8296,             0.88083,              0.7267,            0.045759,             0.06523,            0.019852,           0.0086833,           0.0086833,           0.0086833
                 268,            0.056012,            0.090729,            0.025845,             0.94874,             0.82967,             0.88085,             0.72674,            0.045753,             0.06522,            0.019849,           0.0086783,           0.0086783,           0.0086783
                 269,            0.056165,            0.092067,            0.025999,             0.94872,             0.82969,             0.88085,             0.72689,            0.045747,             0.06519,            0.019847,           0.0086734,           0.0086734,           0.0086734
                 270,            0.055842,            0.091072,            0.025919,             0.94883,             0.82983,             0.88091,             0.72696,            0.045741,             0.06516,            0.019843,           0.0086684,           0.0086684,           0.0086684
                 271,            0.056006,            0.091355,            0.025827,             0.94859,             0.82987,             0.88096,             0.72709,            0.045733,            0.065129,             0.01984,           0.0086635,           0.0086635,           0.0086635
                 272,            0.055928,            0.089442,            0.025866,             0.94916,             0.82962,             0.88097,             0.72721,            0.045724,            0.065097,            0.019837,           0.0086586,           0.0086586,           0.0086586
                 273,            0.056132,            0.091536,            0.025968,             0.94902,             0.82971,             0.88102,             0.72724,            0.045718,            0.065062,            0.019834,           0.0086536,           0.0086536,           0.0086536
                 274,            0.055939,            0.091354,            0.025803,             0.94898,             0.82972,             0.88104,             0.72728,            0.045711,             0.06503,            0.019832,           0.0086486,           0.0086486,           0.0086486
                 275,            0.055952,            0.090178,             0.02587,              0.9497,              0.8294,             0.88105,             0.72736,            0.045704,            0.065014,            0.019828,           0.0086437,           0.0086437,           0.0086437
                 276,            0.055838,            0.090716,            0.025821,              0.9496,              0.8294,             0.88105,             0.72748,            0.045696,               0.065,            0.019825,           0.0086388,           0.0086388,           0.0086388
                 277,             0.05594,            0.091217,            0.025846,             0.94969,             0.82943,             0.88106,             0.72755,            0.045688,             0.06498,            0.019822,           0.0086338,           0.0086338,           0.0086338
                 278,            0.055902,            0.090445,            0.025923,             0.94956,             0.82951,             0.88106,              0.7277,             0.04568,            0.064951,            0.019818,           0.0086288,           0.0086288,           0.0086288
                 279,            0.056171,            0.091892,             0.02605,             0.94956,             0.82957,             0.88107,             0.72774,            0.045676,            0.064921,            0.019815,           0.0086239,           0.0086239,           0.0086239
                 280,            0.055887,            0.091021,            0.025795,             0.94933,             0.82956,             0.88104,             0.72782,            0.045671,            0.064906,            0.019812,            0.008619,            0.008619,            0.008619
                 281,            0.056024,            0.091286,            0.025951,             0.94912,             0.82961,             0.88105,             0.72804,            0.045662,            0.064876,            0.019809,            0.008614,            0.008614,            0.008614
                 282,            0.056044,            0.090665,             0.02589,             0.94901,             0.82973,             0.88108,             0.72821,            0.045656,            0.064843,            0.019806,           0.0086091,           0.0086091,           0.0086091
                 283,            0.055865,            0.090679,            0.025764,             0.94978,             0.82943,              0.8811,              0.7283,            0.045649,            0.064827,            0.019803,           0.0086041,           0.0086041,           0.0086041
                 284,             0.05583,            0.091275,            0.025757,             0.94995,             0.82939,             0.88114,             0.72839,            0.045642,              0.0648,              0.0198,           0.0085992,           0.0085992,           0.0085992
                 285,            0.055773,            0.089965,            0.025782,             0.94976,             0.82941,             0.88112,             0.72847,            0.045635,            0.064783,            0.019797,           0.0085942,           0.0085942,           0.0085942
                 286,            0.055833,            0.090631,            0.025752,             0.94977,             0.82955,             0.88115,             0.72853,             0.04563,            0.064771,            0.019794,           0.0085893,           0.0085893,           0.0085893
                 287,            0.055817,            0.090457,            0.025872,             0.95038,             0.82926,             0.88113,             0.72857,            0.045624,            0.064762,             0.01979,           0.0085843,           0.0085843,           0.0085843
                 288,            0.056015,            0.091105,            0.025879,             0.95031,             0.82933,             0.88114,              0.7287,             0.04562,            0.064745,            0.019787,           0.0085793,           0.0085793,           0.0085793
                 289,            0.055872,            0.091382,            0.025869,             0.95016,             0.82937,             0.88115,             0.72872,            0.045616,            0.064723,            0.019784,           0.0085744,           0.0085744,           0.0085744
                 290,            0.055893,            0.090986,            0.025869,             0.95002,             0.82946,             0.88117,             0.72883,             0.04561,            0.064713,            0.019781,           0.0085695,           0.0085695,           0.0085695
                 291,            0.056031,            0.091656,            0.025853,             0.94991,             0.82947,             0.88115,             0.72878,            0.045607,            0.064708,            0.019777,           0.0085645,           0.0085645,           0.0085645
                 292,            0.055867,            0.090773,             0.02581,             0.94979,             0.82954,              0.8811,             0.72885,            0.045601,            0.064684,            0.019774,           0.0085596,           0.0085596,           0.0085596
                 293,            0.055914,               0.092,            0.025906,             0.94984,             0.82962,             0.88112,              0.7289,            0.045595,            0.064669,            0.019771,           0.0085546,           0.0085546,           0.0085546
                 294,            0.055839,             0.09082,            0.025793,             0.95043,             0.82927,              0.8811,             0.72906,             0.04559,            0.064642,            0.019768,           0.0085497,           0.0085497,           0.0085497
                 295,            0.055934,             0.09125,            0.025834,             0.94969,              0.8297,              0.8811,             0.72913,            0.045585,            0.064625,            0.019765,           0.0085447,           0.0085447,           0.0085447
                 296,             0.05595,            0.090409,            0.025861,             0.95039,             0.82942,             0.88115,              0.7293,             0.04558,              0.0646,            0.019762,           0.0085398,           0.0085398,           0.0085398
                 297,            0.055716,            0.090681,            0.025816,             0.95027,             0.82943,             0.88111,             0.72942,            0.045574,            0.064577,            0.019759,           0.0085348,           0.0085348,           0.0085348
                 298,            0.055736,            0.091077,            0.025821,              0.9502,             0.82956,             0.88115,             0.72958,            0.045569,            0.064544,            0.019756,           0.0085299,           0.0085299,           0.0085299
                 299,            0.055923,            0.090787,            0.025874,             0.95007,             0.82973,              0.8811,             0.72968,            0.045564,            0.064528,            0.019753,           0.0085249,           0.0085249,           0.0085249
                 300,            0.055674,            0.089805,            0.025707,             0.94995,             0.82979,             0.88109,             0.72984,            0.045559,            0.064494,            0.019751,             0.00852,             0.00852,             0.00852
                 301,            0.055604,            0.091212,             0.02572,             0.95047,             0.82956,              0.8811,             0.72991,            0.045553,            0.064489,            0.019748,            0.008515,            0.008515,            0.008515
                 302,            0.055954,            0.090798,            0.025949,             0.95044,             0.82956,              0.8811,             0.72994,            0.045547,            0.064466,            0.019746,             0.00851,             0.00851,             0.00851
                 303,            0.055903,            0.090963,            0.025879,             0.95037,             0.82968,             0.88113,             0.73003,            0.045542,            0.064448,            0.019742,           0.0085051,           0.0085051,           0.0085051
                 304,            0.055946,             0.09041,            0.025863,             0.95084,             0.82942,             0.88111,             0.73012,            0.045535,            0.064414,             0.01974,           0.0085002,           0.0085002,           0.0085002
                 305,            0.055752,             0.09117,            0.025762,             0.95073,             0.82946,             0.88111,             0.73023,            0.045531,            0.064396,            0.019738,           0.0084952,           0.0084952,           0.0084952
                 306,            0.055936,            0.091378,            0.025877,             0.95072,             0.82951,             0.88106,             0.73026,            0.045529,            0.064384,            0.019736,           0.0084903,           0.0084903,           0.0084903
                 307,            0.055797,            0.090323,            0.025741,             0.95067,              0.8295,             0.88107,             0.73033,            0.045524,            0.064372,            0.019734,           0.0084853,           0.0084853,           0.0084853
                 308,            0.055638,            0.090592,            0.025681,             0.95053,             0.82972,              0.8811,              0.7305,            0.045516,            0.064345,            0.019732,           0.0084803,           0.0084803,           0.0084803
                 309,             0.05578,            0.089914,            0.025791,              0.9511,              0.8294,             0.88106,             0.73049,            0.045512,            0.064338,             0.01973,           0.0084754,           0.0084754,           0.0084754
                 310,            0.055658,            0.091024,            0.025744,             0.95104,             0.82952,             0.88106,             0.73057,            0.045507,            0.064298,            0.019726,           0.0084705,           0.0084705,           0.0084705
                 311,             0.05578,            0.090601,            0.025831,             0.95092,             0.82966,             0.88108,              0.7307,            0.045502,             0.06429,            0.019723,           0.0084655,           0.0084655,           0.0084655
                 312,            0.055711,            0.089915,            0.025734,             0.95079,             0.82982,             0.88113,             0.73077,            0.045499,            0.064283,            0.019722,           0.0084606,           0.0084606,           0.0084606
                 313,            0.055654,            0.090413,            0.025674,              0.9507,              0.8299,             0.88114,             0.73091,            0.045494,            0.064265,            0.019719,           0.0084556,           0.0084556,           0.0084556
                 314,            0.055635,            0.090503,            0.025818,             0.95043,             0.83004,             0.88112,             0.73106,            0.045486,            0.064231,            0.019716,           0.0084507,           0.0084507,           0.0084507
                 315,            0.055739,            0.090315,            0.025859,             0.95105,             0.82968,             0.88115,             0.73113,             0.04548,            0.064212,            0.019713,           0.0084457,           0.0084457,           0.0084457
                 316,            0.055711,            0.090408,            0.025682,             0.95101,             0.82979,             0.88123,             0.73134,             0.04547,             0.06419,             0.01971,           0.0084408,           0.0084408,           0.0084408
                 317,            0.055615,            0.089897,             0.02569,             0.95103,             0.82986,             0.88121,             0.73154,            0.045461,            0.064148,            0.019708,           0.0084358,           0.0084358,           0.0084358
                 318,            0.055551,            0.090885,            0.025659,             0.95102,             0.82996,             0.88124,             0.73165,            0.045453,            0.064128,            0.019705,           0.0084309,           0.0084309,           0.0084309
                 319,            0.055631,            0.090552,            0.025808,             0.95088,             0.83001,             0.88125,             0.73167,            0.045445,            0.064086,            0.019703,           0.0084259,           0.0084259,           0.0084259
                 320,            0.055604,            0.090203,            0.025713,             0.95088,             0.83009,             0.88123,              0.7317,            0.045438,            0.064057,              0.0197,           0.0084209,           0.0084209,           0.0084209
                 321,            0.055681,            0.090666,            0.025671,             0.95164,             0.82976,             0.88125,             0.73172,            0.045433,            0.064022,            0.019697,            0.008416,            0.008416,            0.008416
                 322,            0.055467,            0.089977,            0.025616,             0.95167,             0.82987,             0.88127,             0.73193,            0.045426,            0.063983,            0.019695,            0.008411,            0.008411,            0.008411
                 323,            0.055817,            0.091516,            0.025817,             0.95143,              0.8299,             0.88122,             0.73194,            0.045421,            0.063955,            0.019693,           0.0084061,           0.0084061,           0.0084061
                 324,            0.055806,            0.091024,            0.025838,             0.95158,             0.83001,             0.88128,             0.73205,            0.045415,            0.063922,             0.01969,           0.0084012,           0.0084012,           0.0084012
                 325,            0.055589,            0.090314,            0.025664,             0.95157,             0.83006,             0.88128,             0.73213,             0.04541,            0.063898,            0.019688,           0.0083962,           0.0083962,           0.0083962
                 326,            0.055683,            0.090448,            0.025776,             0.95161,             0.83007,             0.88132,             0.73228,            0.045407,            0.063893,            0.019686,           0.0083913,           0.0083913,           0.0083913
                 327,            0.055749,            0.090445,            0.025732,             0.95227,             0.82986,              0.8813,             0.73235,            0.045404,            0.063879,            0.019684,           0.0083863,           0.0083863,           0.0083863
                 328,            0.055805,            0.090896,             0.02586,             0.95218,             0.82993,             0.88127,             0.73235,            0.045402,            0.063869,            0.019681,           0.0083814,           0.0083814,           0.0083814
                 329,            0.055891,            0.091714,            0.025869,             0.95205,             0.83005,             0.88128,             0.73244,            0.045395,            0.063843,            0.019678,           0.0083764,           0.0083764,           0.0083764
                 330,            0.055545,            0.090408,            0.025661,             0.95205,             0.83006,             0.88128,              0.7326,            0.045389,            0.063813,            0.019676,           0.0083715,           0.0083715,           0.0083715
                 331,            0.055661,            0.090048,            0.025672,             0.95213,             0.83006,             0.88132,             0.73274,            0.045383,            0.063787,            0.019674,           0.0083665,           0.0083665,           0.0083665
                 332,            0.055427,            0.088789,            0.025609,             0.95189,             0.83003,             0.88135,             0.73289,            0.045376,            0.063749,            0.019673,           0.0083616,           0.0083616,           0.0083616
                 333,            0.055477,            0.089514,            0.025645,             0.95201,             0.83013,             0.88137,             0.73304,            0.045368,            0.063712,             0.01967,           0.0083566,           0.0083566,           0.0083566
                 334,            0.055672,            0.089974,            0.025833,             0.95195,             0.83009,              0.8814,             0.73308,            0.045362,            0.063688,            0.019668,           0.0083517,           0.0083517,           0.0083517
                 335,            0.055552,            0.089512,            0.025711,             0.95205,             0.83007,             0.88142,             0.73318,            0.045355,            0.063659,            0.019665,           0.0083467,           0.0083467,           0.0083467
                 336,            0.055731,            0.090258,            0.025809,             0.95181,              0.8302,             0.88146,             0.73329,            0.045347,            0.063634,            0.019662,           0.0083418,           0.0083418,           0.0083418
                 337,              0.0555,            0.089546,            0.025681,              0.9518,             0.83019,             0.88147,             0.73337,            0.045338,            0.063607,            0.019659,           0.0083368,           0.0083368,           0.0083368
                 338,            0.055459,            0.089454,             0.02564,              0.9525,             0.82995,             0.88153,              0.7335,             0.04533,            0.063579,            0.019657,           0.0083319,           0.0083319,           0.0083319
                 339,            0.055736,            0.090743,            0.025829,             0.95255,             0.82998,             0.88152,             0.73354,            0.045324,            0.063565,            0.019654,           0.0083269,           0.0083269,           0.0083269
                 340,            0.055662,             0.09066,            0.025806,             0.95261,             0.83008,             0.88156,             0.73367,            0.045321,            0.063562,            0.019651,           0.0083219,           0.0083219,           0.0083219
                 341,            0.055607,            0.090107,            0.025705,             0.95245,             0.83017,             0.88157,             0.73373,            0.045318,            0.063553,            0.019649,            0.008317,            0.008317,            0.008317
                 342,            0.055652,            0.090085,            0.025751,             0.95248,             0.83026,             0.88154,             0.73384,            0.045315,            0.063529,            0.019646,            0.008312,            0.008312,            0.008312
                 343,             0.05557,            0.090226,             0.02572,             0.95246,             0.83034,             0.88156,             0.73398,            0.045308,            0.063506,            0.019644,           0.0083071,           0.0083071,           0.0083071
                 344,            0.055651,             0.08911,            0.025774,             0.95245,              0.8304,             0.88159,             0.73411,            0.045301,            0.063484,            0.019641,           0.0083022,           0.0083022,           0.0083022
                 345,            0.055619,            0.090247,            0.025846,              0.9524,             0.83041,             0.88159,             0.73425,            0.045296,            0.063466,            0.019639,           0.0082972,           0.0082972,           0.0082972
                 346,            0.055684,            0.091097,            0.025791,             0.95237,             0.83047,             0.88164,             0.73435,            0.045292,             0.06345,            0.019636,           0.0082922,           0.0082922,           0.0082922
                 347,            0.055497,            0.089468,            0.025635,             0.95236,             0.83051,             0.88163,             0.73444,            0.045288,            0.063442,            0.019633,           0.0082873,           0.0082873,           0.0082873
                 348,            0.055571,            0.089862,            0.025637,             0.95224,             0.83062,             0.88164,             0.73451,            0.045282,             0.06342,            0.019631,           0.0082824,           0.0082824,           0.0082824
                 349,            0.055303,            0.089528,            0.025617,             0.95291,             0.83035,              0.8817,             0.73454,            0.045276,            0.063391,            0.019628,           0.0082774,           0.0082774,           0.0082774
                 350,            0.055555,            0.089068,            0.025654,              0.9528,             0.83034,             0.88171,             0.73469,            0.045269,            0.063357,            0.019626,           0.0082725,           0.0082725,           0.0082725
                 351,            0.055286,            0.089586,            0.025482,             0.95282,             0.83033,             0.88176,             0.73484,            0.045262,            0.063325,            0.019624,           0.0082675,           0.0082675,           0.0082675
                 352,            0.055449,            0.089506,             0.02568,             0.95269,             0.83036,             0.88177,             0.73501,            0.045258,            0.063322,            0.019621,           0.0082626,           0.0082626,           0.0082626
                 353,            0.055388,            0.090018,            0.025596,             0.95253,             0.83043,             0.88176,             0.73517,            0.045251,              0.0633,            0.019618,           0.0082576,           0.0082576,           0.0082576
                 354,            0.055452,            0.090924,            0.025669,             0.95261,             0.83042,             0.88172,             0.73517,            0.045246,             0.06327,            0.019615,           0.0082527,           0.0082527,           0.0082527
                 355,            0.055595,            0.090792,            0.025781,             0.95265,              0.8305,             0.88173,              0.7352,            0.045242,            0.063273,            0.019613,           0.0082477,           0.0082477,           0.0082477
                 356,            0.055623,            0.091002,            0.025779,              0.9529,             0.83053,              0.8817,             0.73516,            0.045238,             0.06327,            0.019611,           0.0082428,           0.0082428,           0.0082428
                 357,            0.055572,            0.090309,            0.025758,             0.95288,             0.83061,             0.88174,             0.73521,            0.045236,            0.063269,            0.019608,           0.0082378,           0.0082378,           0.0082378
                 358,            0.055518,            0.089913,            0.025593,             0.95286,             0.83058,             0.88178,             0.73531,            0.045232,            0.063272,            0.019605,           0.0082328,           0.0082328,           0.0082328
                 359,            0.055567,            0.089471,            0.025692,             0.95293,             0.83054,             0.88179,             0.73546,            0.045226,            0.063241,            0.019603,           0.0082279,           0.0082279,           0.0082279
                 360,            0.055355,            0.089032,            0.025623,             0.95303,             0.83068,             0.88183,             0.73562,            0.045218,            0.063205,            0.019601,           0.0082229,           0.0082229,           0.0082229
                 361,            0.055376,            0.089572,            0.025609,             0.95364,             0.83044,             0.88182,             0.73561,            0.045213,            0.063199,            0.019599,            0.008218,            0.008218,            0.008218
                 362,            0.055338,            0.089176,            0.025617,             0.95365,             0.83051,             0.88184,             0.73578,            0.045209,            0.063182,            0.019597,           0.0082131,           0.0082131,           0.0082131
                 363,            0.055302,            0.089727,            0.025504,             0.95347,             0.83057,             0.88187,             0.73583,            0.045204,            0.063164,            0.019594,           0.0082081,           0.0082081,           0.0082081
                 364,            0.055204,            0.089759,             0.02553,             0.95345,             0.83064,             0.88184,             0.73589,            0.045199,            0.063137,            0.019592,           0.0082032,           0.0082032,           0.0082032
                 365,            0.055482,            0.089799,            0.025664,             0.95336,              0.8308,             0.88185,             0.73602,            0.045194,            0.063131,            0.019589,           0.0081982,           0.0081982,           0.0081982
                 366,            0.055452,            0.089722,            0.025671,             0.95325,             0.83087,             0.88181,             0.73613,            0.045187,            0.063108,            0.019587,           0.0081932,           0.0081932,           0.0081932
                 367,            0.055393,            0.089777,            0.025682,             0.95424,             0.83052,             0.88177,             0.73615,            0.045181,            0.063086,            0.019585,           0.0081883,           0.0081883,           0.0081883
                 368,            0.055383,            0.089708,            0.025612,             0.95401,             0.83053,             0.88178,             0.73618,            0.045175,            0.063079,            0.019584,           0.0081834,           0.0081834,           0.0081834
                 369,            0.055288,            0.089402,            0.025489,             0.95412,             0.83059,             0.88181,              0.7363,            0.045167,            0.063047,            0.019582,           0.0081784,           0.0081784,           0.0081784
                 370,            0.055472,            0.089698,            0.025698,             0.95402,             0.83057,             0.88181,             0.73639,            0.045161,            0.063012,             0.01958,           0.0081735,           0.0081735,           0.0081735
                 371,            0.055254,             0.08914,            0.025501,             0.95401,              0.8306,             0.88183,             0.73653,            0.045157,            0.062985,            0.019578,           0.0081685,           0.0081685,           0.0081685
                 372,            0.055299,            0.089567,            0.025549,             0.95399,             0.83057,             0.88186,             0.73665,             0.04515,            0.062949,            0.019577,           0.0081636,           0.0081636,           0.0081636
                 373,            0.055411,            0.090399,            0.025651,             0.95404,             0.83064,             0.88183,             0.73662,            0.045146,            0.062932,            0.019575,           0.0081586,           0.0081586,           0.0081586
                 374,            0.055208,            0.088631,            0.025494,             0.95398,             0.83064,             0.88186,             0.73668,            0.045141,            0.062912,            0.019573,           0.0081537,           0.0081537,           0.0081537
                 375,            0.055403,            0.089541,            0.025661,             0.95384,             0.83071,             0.88188,             0.73682,            0.045135,            0.062897,            0.019571,           0.0081487,           0.0081487,           0.0081487
                 376,            0.055192,            0.088726,            0.025494,             0.95376,             0.83078,             0.88188,             0.73691,             0.04513,            0.062851,            0.019569,           0.0081437,           0.0081437,           0.0081437
                 377,            0.055143,            0.088341,            0.025516,             0.95366,             0.83077,             0.88187,             0.73704,            0.045123,            0.062819,            0.019566,           0.0081388,           0.0081388,           0.0081388
                 378,            0.055087,            0.088948,            0.025527,             0.95439,             0.83051,             0.88184,             0.73713,            0.045116,            0.062792,            0.019564,           0.0081338,           0.0081338,           0.0081338
                 379,            0.055352,             0.08946,            0.025625,              0.9543,             0.83062,             0.88192,             0.73721,            0.045107,            0.062745,            0.019561,           0.0081289,           0.0081289,           0.0081289
                 380,             0.05541,            0.090069,            0.025689,             0.95427,             0.83071,             0.88194,             0.73723,            0.045103,            0.062719,            0.019558,           0.0081239,           0.0081239,           0.0081239
                 381,            0.055424,            0.089924,            0.025618,             0.95419,             0.83075,             0.88201,             0.73741,            0.045098,            0.062697,            0.019556,            0.008119,            0.008119,            0.008119
                 382,            0.055403,            0.088914,            0.025628,             0.95423,             0.83074,             0.88206,             0.73752,            0.045092,            0.062671,            0.019555,           0.0081141,           0.0081141,           0.0081141
                 383,            0.055295,            0.088969,            0.025576,             0.95422,              0.8308,             0.88211,             0.73766,            0.045087,            0.062655,            0.019553,           0.0081091,           0.0081091,           0.0081091
                 384,            0.055222,            0.088959,            0.025582,             0.95468,             0.83056,              0.8821,             0.73771,            0.045082,            0.062621,            0.019551,           0.0081042,           0.0081042,           0.0081042
                 385,            0.055354,             0.08908,            0.025613,             0.95462,              0.8306,             0.88213,              0.7378,            0.045079,            0.062603,            0.019548,           0.0080992,           0.0080992,           0.0080992
                 386,            0.055075,            0.089219,            0.025495,             0.95459,             0.83062,             0.88216,             0.73798,            0.045073,            0.062569,            0.019546,           0.0080942,           0.0080942,           0.0080942
                 387,            0.055297,            0.089796,            0.025627,             0.95457,             0.83065,             0.88215,             0.73813,            0.045067,            0.062543,            0.019544,           0.0080893,           0.0080893,           0.0080893
                 388,             0.05534,            0.089239,            0.025674,              0.9545,             0.83069,             0.88214,             0.73815,            0.045059,             0.06251,            0.019541,           0.0080844,           0.0080844,           0.0080844
                 389,             0.05531,            0.088677,            0.025613,             0.95456,             0.83073,             0.88209,             0.73835,            0.045052,            0.062491,             0.01954,           0.0080794,           0.0080794,           0.0080794
                 390,            0.055258,            0.089365,            0.025603,             0.95444,             0.83072,             0.88208,             0.73844,            0.045045,            0.062472,            0.019538,           0.0080745,           0.0080745,           0.0080745
                 391,            0.055192,            0.089211,            0.025482,             0.95466,             0.83074,             0.88205,             0.73855,            0.045039,            0.062435,            0.019537,           0.0080695,           0.0080695,           0.0080695
                 392,            0.055205,            0.088918,            0.025496,             0.95539,             0.83056,             0.88211,             0.73861,            0.045034,            0.062418,            0.019535,           0.0080646,           0.0080646,           0.0080646
                 393,            0.055213,            0.088606,            0.025552,             0.95534,             0.83057,             0.88208,             0.73879,            0.045028,            0.062402,            0.019532,           0.0080596,           0.0080596,           0.0080596
                 394,            0.055167,            0.088073,            0.025566,             0.95529,             0.83061,             0.88213,             0.73881,            0.045024,            0.062371,             0.01953,           0.0080547,           0.0080547,           0.0080547
                 395,            0.055407,            0.090183,            0.025705,             0.95524,             0.83064,             0.88211,             0.73872,            0.045022,            0.062353,            0.019528,           0.0080497,           0.0080497,           0.0080497
                 396,            0.055313,            0.090362,            0.025643,             0.95576,             0.83036,             0.88213,             0.73877,            0.045018,            0.062331,            0.019526,           0.0080447,           0.0080447,           0.0080447
                 397,            0.055222,            0.089115,            0.025568,             0.95523,              0.8307,             0.88213,             0.73889,            0.045014,            0.062315,            0.019525,           0.0080398,           0.0080398,           0.0080398
                 398,            0.055221,            0.088985,             0.02559,             0.95582,             0.83044,             0.88218,             0.73893,             0.04501,              0.0623,            0.019522,           0.0080348,           0.0080348,           0.0080348
                 399,            0.055184,            0.088589,            0.025428,             0.95584,             0.83044,             0.88218,             0.73902,            0.045008,             0.06228,             0.01952,           0.0080299,           0.0080299,           0.0080299
                 400,            0.055125,            0.088906,            0.025439,             0.95562,             0.83041,             0.88219,             0.73904,            0.045005,            0.062257,            0.019519,           0.0080249,           0.0080249,           0.0080249
                 401,             0.05516,            0.088544,            0.025478,             0.95571,              0.8305,             0.88218,             0.73915,               0.045,            0.062233,            0.019516,             0.00802,             0.00802,             0.00802
                 402,            0.055066,            0.088323,            0.025413,             0.95561,             0.83047,              0.8822,             0.73927,            0.044993,            0.062205,            0.019514,           0.0080151,           0.0080151,           0.0080151
                 403,            0.055139,             0.08867,            0.025538,             0.95559,             0.83056,             0.88223,             0.73936,            0.044986,            0.062178,            0.019513,           0.0080101,           0.0080101,           0.0080101
                 404,            0.055198,             0.08984,            0.025607,             0.95607,             0.83039,             0.88223,             0.73944,            0.044982,            0.062175,            0.019511,           0.0080051,           0.0080051,           0.0080051
                 405,            0.055083,            0.088599,            0.025478,             0.95617,             0.83039,             0.88224,             0.73953,            0.044979,            0.062166,            0.019509,           0.0080002,           0.0080002,           0.0080002
                 406,            0.055378,            0.090025,            0.025694,             0.95603,             0.83035,             0.88221,              0.7396,            0.044973,            0.062158,            0.019506,           0.0079953,           0.0079953,           0.0079953
                 407,            0.055295,            0.088676,            0.025596,             0.95618,             0.83042,             0.88222,             0.73967,            0.044968,            0.062135,            0.019505,           0.0079903,           0.0079903,           0.0079903
                 408,            0.055349,            0.089458,            0.025644,             0.95619,             0.83044,             0.88226,             0.73973,            0.044964,            0.062113,            0.019503,           0.0079854,           0.0079854,           0.0079854
                 409,            0.055357,            0.089593,            0.025607,             0.95605,             0.83049,             0.88226,             0.73979,            0.044959,            0.062091,            0.019501,           0.0079804,           0.0079804,           0.0079804
                 410,            0.055057,            0.088742,            0.025502,             0.95599,             0.83053,             0.88224,              0.7399,            0.044953,             0.06208,            0.019499,           0.0079755,           0.0079755,           0.0079755
                 411,            0.055197,             0.08913,            0.025596,             0.95608,             0.83062,             0.88222,             0.73992,            0.044948,            0.062063,            0.019497,           0.0079705,           0.0079705,           0.0079705
                 412,            0.055308,            0.089602,            0.025532,             0.95604,             0.83061,             0.88226,             0.73995,            0.044945,             0.06205,            0.019495,           0.0079656,           0.0079656,           0.0079656
                 413,            0.055338,            0.090034,            0.025618,              0.9561,             0.83069,             0.88221,             0.74003,            0.044943,            0.062037,            0.019494,           0.0079606,           0.0079606,           0.0079606
                 414,            0.055143,            0.089267,            0.025411,              0.9559,             0.83083,             0.88221,             0.74017,            0.044939,            0.062022,            0.019492,           0.0079556,           0.0079556,           0.0079556
                 415,              0.0551,            0.088615,            0.025529,             0.95581,             0.83081,             0.88224,             0.74025,            0.044933,            0.062005,             0.01949,           0.0079507,           0.0079507,           0.0079507
                 416,            0.055084,            0.088973,            0.025551,              0.9563,             0.83049,             0.88226,             0.74037,            0.044926,             0.06197,            0.019488,           0.0079457,           0.0079457,           0.0079457
                 417,            0.055126,             0.08945,            0.025477,             0.95558,             0.83092,              0.8823,             0.74049,             0.04492,            0.061952,            0.019486,           0.0079408,           0.0079408,           0.0079408
                 418,            0.055104,             0.08839,            0.025445,             0.95621,             0.83065,             0.88228,             0.74054,            0.044918,            0.061937,            0.019484,           0.0079358,           0.0079358,           0.0079358
                 419,            0.055159,            0.089437,             0.02554,             0.95618,             0.83062,             0.88229,             0.74056,            0.044916,            0.061927,            0.019482,           0.0079309,           0.0079309,           0.0079309
                 420,            0.055175,            0.088418,            0.025567,             0.95597,             0.83075,             0.88233,              0.7407,            0.044911,            0.061901,             0.01948,           0.0079259,           0.0079259,           0.0079259
                 421,            0.055247,            0.088305,            0.025605,              0.9559,             0.83084,             0.88234,             0.74092,            0.044904,            0.061887,            0.019478,            0.007921,            0.007921,            0.007921
                 422,            0.054939,            0.088439,            0.025431,             0.95642,             0.83053,              0.8823,             0.74094,            0.044901,            0.061869,            0.019476,           0.0079161,           0.0079161,           0.0079161
                 423,            0.055011,              0.0884,            0.025439,             0.95639,             0.83061,             0.88232,             0.74098,            0.044897,            0.061851,            0.019475,           0.0079111,           0.0079111,           0.0079111
                 424,            0.055084,            0.088574,            0.025472,             0.95643,             0.83073,             0.88227,             0.74108,            0.044891,             0.06183,            0.019473,           0.0079061,           0.0079061,           0.0079061
                 425,            0.055065,            0.088323,            0.025537,             0.95631,             0.83073,             0.88229,             0.74115,            0.044886,            0.061804,            0.019471,           0.0079012,           0.0079012,           0.0079012
                 426,            0.055007,            0.088491,            0.025459,             0.95618,             0.83075,             0.88225,             0.74115,            0.044883,            0.061803,            0.019469,           0.0078963,           0.0078963,           0.0078963
                 427,            0.055007,             0.08814,            0.025502,             0.95613,             0.83079,              0.8823,             0.74123,            0.044878,            0.061783,            0.019467,           0.0078913,           0.0078913,           0.0078913
                 428,            0.055059,            0.087973,            0.025493,             0.95601,             0.83088,             0.88227,              0.7413,            0.044873,            0.061761,            0.019466,           0.0078864,           0.0078864,           0.0078864
                 429,            0.055201,            0.089423,            0.025544,              0.9566,             0.83059,             0.88225,             0.74125,            0.044871,            0.061747,            0.019464,           0.0078814,           0.0078814,           0.0078814
                 430,            0.055115,            0.089104,            0.025448,             0.95648,             0.83062,             0.88227,             0.74137,            0.044866,            0.061737,            0.019462,           0.0078765,           0.0078765,           0.0078765
                 431,            0.054968,            0.087993,            0.025464,             0.95635,             0.83066,             0.88229,             0.74145,            0.044861,            0.061702,             0.01946,           0.0078715,           0.0078715,           0.0078715
                 432,            0.055064,            0.088653,             0.02553,             0.95618,             0.83071,             0.88226,             0.74149,            0.044857,            0.061678,            0.019458,           0.0078665,           0.0078665,           0.0078665
                 433,             0.05506,            0.089289,            0.025548,             0.95624,             0.83068,             0.88224,             0.74159,            0.044854,            0.061672,            0.019457,           0.0078616,           0.0078616,           0.0078616
                 434,            0.055078,            0.088811,             0.02542,              0.9562,             0.83072,             0.88225,             0.74165,             0.04485,            0.061664,            0.019455,           0.0078566,           0.0078566,           0.0078566
                 435,            0.055158,             0.08854,            0.025541,             0.95613,             0.83069,             0.88227,             0.74181,            0.044846,            0.061644,            0.019454,           0.0078517,           0.0078517,           0.0078517
                 436,            0.055128,            0.088641,              0.0256,             0.95604,             0.83075,             0.88225,             0.74186,            0.044841,            0.061624,            0.019452,           0.0078467,           0.0078467,           0.0078467
                 437,            0.055154,            0.089063,            0.025509,             0.95662,             0.83046,             0.88228,             0.74194,            0.044839,            0.061616,            0.019451,           0.0078418,           0.0078418,           0.0078418
                 438,            0.055138,            0.088301,             0.02553,             0.95655,             0.83046,             0.88229,             0.74206,            0.044836,             0.06161,            0.019449,           0.0078368,           0.0078368,           0.0078368
                 439,            0.055034,            0.088466,            0.025507,             0.95658,             0.83051,             0.88229,             0.74208,            0.044833,            0.061603,            0.019448,           0.0078319,           0.0078319,           0.0078319
                 440,            0.055225,            0.088931,            0.025572,             0.95651,             0.83049,             0.88228,             0.74207,            0.044829,             0.06159,            0.019446,           0.0078269,           0.0078269,           0.0078269
                 441,             0.05504,            0.088554,            0.025514,             0.95639,             0.83055,             0.88231,             0.74219,            0.044826,            0.061573,            0.019445,            0.007822,            0.007822,            0.007822
                 442,            0.055051,            0.088413,            0.025473,             0.95645,             0.83064,              0.8823,             0.74231,            0.044824,            0.061562,            0.019444,           0.0078171,           0.0078171,           0.0078171
                 443,            0.055099,            0.088438,             0.02547,             0.95689,             0.83033,             0.88227,             0.74232,             0.04482,             0.06155,            0.019443,           0.0078121,           0.0078121,           0.0078121
                 444,            0.054948,            0.088367,            0.025377,             0.95679,             0.83041,              0.8823,             0.74232,            0.044816,            0.061531,            0.019441,           0.0078071,           0.0078071,           0.0078071
                 445,            0.054934,            0.088567,            0.025445,             0.95673,             0.83041,              0.8823,             0.74235,            0.044814,             0.06152,             0.01944,           0.0078022,           0.0078022,           0.0078022
                 446,            0.055027,            0.087429,            0.025474,             0.95671,             0.83046,             0.88225,             0.74237,            0.044809,            0.061503,            0.019438,           0.0077973,           0.0077973,           0.0077973
                 447,            0.054994,            0.088019,            0.025457,             0.95668,             0.83047,             0.88228,              0.7424,            0.044807,            0.061476,            0.019437,           0.0077923,           0.0077923,           0.0077923
                 448,            0.054978,            0.088827,            0.025479,              0.9566,             0.83051,              0.8823,             0.74235,            0.044806,            0.061473,            0.019435,           0.0077873,           0.0077873,           0.0077873
                 449,            0.055168,            0.089465,            0.025501,              0.9566,             0.83051,             0.88232,              0.7423,            0.044805,            0.061473,            0.019434,           0.0077824,           0.0077824,           0.0077824
                 450,            0.054979,            0.087961,            0.025506,             0.95666,             0.83054,             0.88234,             0.74233,            0.044803,            0.061469,            0.019433,           0.0077774,           0.0077774,           0.0077774
                 451,            0.054981,            0.088151,            0.025469,              0.9565,             0.83046,             0.88234,             0.74236,            0.044802,            0.061471,            0.019432,           0.0077725,           0.0077725,           0.0077725
                 452,             0.05503,            0.089334,            0.025507,             0.95647,             0.83047,             0.88232,             0.74239,            0.044802,            0.061478,             0.01943,           0.0077675,           0.0077675,           0.0077675
                 453,            0.055114,            0.088352,            0.025542,             0.95633,             0.83045,             0.88225,             0.74238,            0.044801,            0.061476,            0.019429,           0.0077626,           0.0077626,           0.0077626
                 454,            0.054993,            0.088632,            0.025448,             0.95672,             0.83028,             0.88225,             0.74244,              0.0448,            0.061463,            0.019427,           0.0077576,           0.0077576,           0.0077576
                 455,            0.054954,            0.089141,            0.025463,             0.95655,              0.8303,             0.88225,             0.74246,            0.044797,            0.061458,            0.019425,           0.0077527,           0.0077527,           0.0077527
                 456,            0.055104,             0.08886,            0.025531,             0.95655,             0.83042,             0.88231,             0.74248,            0.044796,            0.061444,            0.019424,           0.0077478,           0.0077478,           0.0077478
                 457,            0.055005,            0.088424,            0.025503,             0.95637,             0.83042,             0.88231,             0.74257,            0.044793,            0.061436,            0.019423,           0.0077428,           0.0077428,           0.0077428
                 458,            0.055095,            0.089545,             0.02553,             0.95642,             0.83052,             0.88236,             0.74265,            0.044793,            0.061422,            0.019422,           0.0077378,           0.0077378,           0.0077378
                 459,            0.055161,            0.088689,            0.025557,             0.95639,             0.83049,             0.88231,             0.74256,            0.044793,            0.061421,            0.019421,           0.0077329,           0.0077329,           0.0077329
                 460,            0.055001,            0.088619,            0.025393,             0.95627,             0.83058,             0.88233,             0.74261,            0.044789,            0.061412,            0.019419,           0.0077279,           0.0077279,           0.0077279
                 461,            0.054687,            0.087953,            0.025278,             0.95624,             0.83062,             0.88233,             0.74268,            0.044787,            0.061407,            0.019418,            0.007723,            0.007723,            0.007723
                 462,            0.054888,            0.088297,            0.025441,              0.9561,              0.8306,             0.88231,             0.74265,            0.044782,            0.061384,            0.019417,            0.007718,            0.007718,            0.007718
                 463,            0.055151,            0.088697,             0.02553,             0.95671,             0.83031,             0.88232,             0.74273,            0.044777,            0.061366,            0.019416,           0.0077131,           0.0077131,           0.0077131
                 464,            0.054998,             0.08872,            0.025544,             0.95663,             0.83039,              0.8823,             0.74283,            0.044776,            0.061366,            0.019415,           0.0077081,           0.0077081,           0.0077081
                 465,             0.05489,            0.087976,            0.025355,             0.95668,             0.83051,             0.88234,             0.74293,            0.044774,            0.061359,            0.019413,           0.0077032,           0.0077032,           0.0077032
                 466,            0.055116,            0.088342,            0.025538,             0.95659,             0.83051,             0.88231,             0.74293,            0.044772,            0.061343,            0.019412,           0.0076983,           0.0076983,           0.0076983
                 467,            0.054842,            0.087703,            0.025295,             0.95658,             0.83055,             0.88235,             0.74304,            0.044769,            0.061328,             0.01941,           0.0076933,           0.0076933,           0.0076933
                 468,            0.054972,            0.088136,             0.02547,             0.95709,             0.83027,             0.88241,             0.74325,            0.044767,            0.061334,            0.019409,           0.0076883,           0.0076883,           0.0076883
                 469,             0.05484,            0.087609,             0.02546,             0.95695,             0.83031,             0.88234,             0.74324,            0.044764,            0.061323,            0.019408,           0.0076834,           0.0076834,           0.0076834
                 470,            0.054892,            0.088419,            0.025479,             0.95682,             0.83036,             0.88237,             0.74326,            0.044763,            0.061311,            0.019407,           0.0076785,           0.0076785,           0.0076785
                 471,            0.054955,            0.088697,            0.025464,             0.95639,             0.83077,             0.88241,             0.74336,            0.044764,            0.061309,            0.019405,           0.0076735,           0.0076735,           0.0076735
                 472,            0.054811,            0.087365,             0.02528,             0.95703,             0.83054,             0.88244,             0.74341,            0.044762,            0.061306,            0.019404,           0.0076685,           0.0076685,           0.0076685
                 473,             0.05478,            0.087171,            0.025328,             0.95707,             0.83056,             0.88245,             0.74348,             0.04476,            0.061291,            0.019403,           0.0076636,           0.0076636,           0.0076636
                 474,            0.054959,            0.088574,            0.025435,             0.95695,             0.83063,             0.88247,             0.74361,            0.044759,            0.061281,            0.019402,           0.0076587,           0.0076587,           0.0076587
                 475,            0.054905,            0.087091,            0.025403,             0.95683,              0.8306,             0.88244,             0.74381,            0.044755,            0.061287,            0.019401,           0.0076537,           0.0076537,           0.0076537
                 476,            0.054938,            0.088068,            0.025424,              0.9568,             0.83062,             0.88247,             0.74386,            0.044752,            0.061277,              0.0194,           0.0076488,           0.0076488,           0.0076488
                 477,            0.054962,            0.088319,            0.025549,             0.95667,             0.83067,             0.88251,             0.74396,            0.044751,            0.061273,            0.019399,           0.0076438,           0.0076438,           0.0076438
                 478,            0.054979,            0.088405,            0.025477,             0.95667,             0.83082,             0.88253,             0.74411,            0.044746,            0.061265,            0.019398,           0.0076389,           0.0076389,           0.0076389
                 479,            0.055009,            0.088283,             0.02555,             0.95674,             0.83081,             0.88257,             0.74415,            0.044745,            0.061263,            0.019396,           0.0076339,           0.0076339,           0.0076339
                 480,            0.054954,            0.088214,            0.025459,              0.9566,             0.83094,             0.88255,             0.74414,            0.044744,            0.061264,            0.019395,           0.0076289,           0.0076289,           0.0076289
                 481,            0.054835,            0.088333,            0.025419,             0.95652,             0.83095,             0.88259,             0.74415,            0.044739,             0.06125,            0.019394,            0.007624,            0.007624,            0.007624
                 482,            0.054963,            0.087733,            0.025448,             0.95646,             0.83103,             0.88259,             0.74429,            0.044733,            0.061229,            0.019392,           0.0076191,           0.0076191,           0.0076191
                 483,            0.054881,            0.087897,            0.025348,             0.95657,             0.83111,             0.88263,             0.74435,            0.044729,            0.061222,            0.019391,           0.0076141,           0.0076141,           0.0076141
                 484,            0.054969,            0.088141,            0.025464,             0.95708,             0.83092,             0.88268,             0.74445,            0.044726,            0.061205,             0.01939,           0.0076092,           0.0076092,           0.0076092
                 485,            0.054924,             0.08712,            0.025466,             0.95712,             0.83095,              0.8827,              0.7445,             0.04472,            0.061195,            0.019388,           0.0076042,           0.0076042,           0.0076042
                 486,            0.054905,             0.08863,            0.025455,             0.95704,             0.83103,             0.88272,             0.74456,            0.044717,            0.061188,            0.019386,           0.0075993,           0.0075993,           0.0075993
                 487,            0.054862,            0.088758,            0.025395,             0.95696,             0.83113,             0.88268,             0.74459,            0.044715,            0.061193,            0.019384,           0.0075943,           0.0075943,           0.0075943
                 488,            0.054798,            0.088774,            0.025287,             0.95694,             0.83114,             0.88271,             0.74462,            0.044713,            0.061201,            0.019384,           0.0075893,           0.0075893,           0.0075893
                 489,            0.054746,            0.088281,            0.025313,             0.95695,             0.83117,             0.88271,             0.74469,             0.04471,            0.061197,            0.019383,           0.0075844,           0.0075844,           0.0075844
                 490,            0.054847,            0.087979,            0.025473,               0.957,             0.83117,             0.88276,             0.74475,            0.044704,              0.0612,            0.019381,           0.0075795,           0.0075795,           0.0075795
                 491,            0.054914,            0.088735,            0.025375,             0.95696,             0.83132,             0.88275,             0.74484,            0.044704,            0.061199,             0.01938,           0.0075745,           0.0075745,           0.0075745
                 492,            0.054787,            0.087629,             0.02539,             0.95688,             0.83133,             0.88275,             0.74493,            0.044701,            0.061167,            0.019379,           0.0075695,           0.0075695,           0.0075695
                 493,            0.054729,            0.087498,            0.025303,             0.95674,             0.83124,             0.88272,             0.74497,            0.044696,            0.061164,            0.019377,           0.0075646,           0.0075646,           0.0075646
                 494,            0.054844,            0.088426,             0.02535,             0.95672,             0.83128,             0.88282,             0.74506,            0.044692,            0.061161,            0.019377,           0.0075597,           0.0075597,           0.0075597
                 495,            0.054778,             0.08818,            0.025444,             0.95664,             0.83138,             0.88286,             0.74508,            0.044691,            0.061148,            0.019376,           0.0075547,           0.0075547,           0.0075547
                 496,            0.054857,            0.087895,            0.025408,             0.95667,             0.83145,             0.88287,             0.74509,            0.044689,            0.061147,            0.019375,           0.0075498,           0.0075498,           0.0075498
                 497,            0.054937,            0.088787,            0.025479,             0.95666,             0.83143,              0.8829,             0.74512,            0.044688,            0.061132,            0.019374,           0.0075448,           0.0075448,           0.0075448
                 498,            0.054799,            0.088863,            0.025394,             0.95669,             0.83157,             0.88293,              0.7451,            0.044687,            0.061133,            0.019373,           0.0075399,           0.0075399,           0.0075399
                 499,            0.054967,            0.088301,            0.025523,             0.95663,             0.83164,             0.88293,             0.74515,            0.044685,            0.061126,            0.019372,           0.0075349,           0.0075349,           0.0075349
                 500,            0.054924,            0.087851,            0.025468,             0.95658,             0.83169,             0.88297,             0.74521,            0.044684,            0.061125,            0.019371,           0.0075299,           0.0075299,           0.0075299
                 501,            0.054867,            0.088145,            0.025401,             0.95658,             0.83174,               0.883,             0.74517,            0.044683,            0.061113,             0.01937,            0.007525,            0.007525,            0.007525
                 502,            0.054867,            0.087873,              0.0254,             0.95664,             0.83177,             0.88299,             0.74524,            0.044681,            0.061113,            0.019369,           0.0075201,           0.0075201,           0.0075201
                 503,            0.054794,            0.087496,             0.02537,             0.95665,             0.83183,             0.88305,             0.74522,            0.044682,            0.061128,            0.019368,           0.0075151,           0.0075151,           0.0075151
                 504,            0.054789,            0.088001,            0.025413,             0.95659,             0.83189,             0.88306,             0.74537,             0.04468,            0.061101,            0.019367,           0.0075102,           0.0075102,           0.0075102
                 505,            0.054781,             0.08773,            0.025365,             0.95661,             0.83196,             0.88297,             0.74537,            0.044679,            0.061115,            0.019366,           0.0075052,           0.0075052,           0.0075052
                 506,            0.054839,            0.087622,            0.025428,             0.95658,             0.83201,             0.88301,              0.7454,            0.044679,            0.061108,            0.019365,           0.0075003,           0.0075003,           0.0075003
                 507,            0.054807,            0.086603,              0.0254,             0.95646,              0.8321,             0.88301,              0.7454,            0.044676,            0.061091,            0.019364,           0.0074953,           0.0074953,           0.0074953
                 508,            0.054768,            0.087535,            0.025395,             0.95644,             0.83211,             0.88305,             0.74545,            0.044676,            0.061082,            0.019363,           0.0074903,           0.0074903,           0.0074903
                 509,            0.054784,            0.088237,            0.025293,             0.95632,             0.83224,             0.88309,             0.74545,            0.044676,            0.061075,            0.019362,           0.0074854,           0.0074854,           0.0074854
                 510,            0.054654,            0.087582,            0.025293,             0.95694,             0.83202,             0.88312,             0.74558,            0.044673,            0.061065,            0.019361,           0.0074805,           0.0074805,           0.0074805
                 511,            0.054761,            0.088034,            0.025389,              0.9568,             0.83205,             0.88315,              0.7456,            0.044672,            0.061057,             0.01936,           0.0074755,           0.0074755,           0.0074755
                 512,            0.054689,            0.087409,            0.025361,             0.95654,             0.83214,             0.88316,             0.74555,            0.044671,            0.061051,            0.019359,           0.0074705,           0.0074705,           0.0074705
                 513,             0.05488,            0.088087,             0.02553,             0.95661,              0.8321,             0.88317,             0.74558,            0.044669,            0.061039,            0.019357,           0.0074656,           0.0074656,           0.0074656
                 514,            0.054823,            0.088464,            0.025306,             0.95662,             0.83212,              0.8832,              0.7456,             0.04467,            0.061045,            0.019356,           0.0074607,           0.0074607,           0.0074607
                 515,            0.054744,            0.088298,            0.025279,             0.95648,             0.83211,              0.8832,              0.7456,            0.044669,            0.061035,            0.019355,           0.0074557,           0.0074557,           0.0074557
                 516,            0.054757,            0.088044,            0.025378,             0.95642,             0.83224,             0.88321,             0.74557,            0.044668,            0.061024,            0.019355,           0.0074507,           0.0074507,           0.0074507
                 517,            0.054715,            0.088184,            0.025359,             0.95661,             0.83231,             0.88322,             0.74568,            0.044665,            0.061009,            0.019353,           0.0074458,           0.0074458,           0.0074458
                 518,            0.054837,            0.088286,            0.025462,               0.957,             0.83207,             0.88325,             0.74568,            0.044664,            0.061014,            0.019353,           0.0074408,           0.0074408,           0.0074408
                 519,              0.0546,            0.087297,            0.025247,             0.95709,             0.83202,             0.88325,             0.74568,            0.044664,             0.06101,            0.019352,           0.0074359,           0.0074359,           0.0074359
                 520,            0.054652,            0.087699,            0.025289,             0.95693,             0.83211,             0.88324,             0.74574,            0.044665,            0.061004,            0.019351,           0.0074309,           0.0074309,           0.0074309
                 521,             0.05473,             0.08762,            0.025353,             0.95697,              0.8321,             0.88324,             0.74576,             0.04466,            0.060993,             0.01935,            0.007426,            0.007426,            0.007426
                 522,            0.054663,            0.087422,            0.025258,             0.95695,             0.83204,              0.8832,             0.74584,            0.044659,            0.060993,            0.019349,           0.0074211,           0.0074211,           0.0074211
                 523,            0.054562,            0.086508,            0.025268,             0.95697,             0.83207,             0.88317,             0.74593,            0.044656,            0.060988,            0.019347,           0.0074161,           0.0074161,           0.0074161
                 524,            0.054656,            0.087921,            0.025304,             0.95691,              0.8321,             0.88319,             0.74599,            0.044654,            0.060986,            0.019346,           0.0074112,           0.0074112,           0.0074112
                 525,            0.054811,            0.088059,            0.025407,             0.95703,              0.8321,             0.88316,             0.74595,            0.044655,            0.060987,            0.019344,           0.0074062,           0.0074062,           0.0074062
                 526,            0.054805,            0.087613,            0.025367,             0.95695,             0.83209,             0.88323,             0.74599,            0.044654,            0.061008,            0.019344,           0.0074013,           0.0074013,           0.0074013
                 527,            0.054661,            0.087818,            0.025247,             0.95707,             0.83206,              0.8832,             0.74612,            0.044654,            0.061011,            0.019343,           0.0073963,           0.0073963,           0.0073963
                 528,            0.054868,            0.088726,            0.025418,              0.9572,             0.83206,             0.88322,             0.74616,            0.044651,            0.061002,            0.019342,           0.0073913,           0.0073913,           0.0073913
                 529,            0.054589,            0.087256,            0.025247,             0.95722,             0.83201,             0.88322,             0.74618,            0.044649,            0.061001,            0.019341,           0.0073864,           0.0073864,           0.0073864
                 530,            0.054641,            0.086966,            0.025295,             0.95692,             0.83215,             0.88319,             0.74623,            0.044649,            0.060989,            0.019341,           0.0073815,           0.0073815,           0.0073815
                 531,            0.054613,            0.087597,            0.025328,             0.95699,             0.83214,             0.88321,             0.74619,            0.044649,            0.060996,             0.01934,           0.0073765,           0.0073765,           0.0073765
                 532,            0.054773,            0.087667,            0.025433,             0.95696,             0.83208,             0.88314,             0.74621,            0.044645,            0.060979,            0.019339,           0.0073715,           0.0073715,           0.0073715
                 533,            0.054791,            0.088121,            0.025433,             0.95705,             0.83215,             0.88312,             0.74624,            0.044642,            0.060967,            0.019338,           0.0073666,           0.0073666,           0.0073666
                 534,            0.054679,            0.087901,            0.025326,             0.95686,             0.83231,              0.8831,             0.74618,            0.044642,            0.060967,            0.019337,           0.0073617,           0.0073617,           0.0073617
                 535,            0.054521,             0.08683,            0.025191,             0.95677,             0.83233,             0.88311,             0.74623,            0.044638,            0.060942,            0.019336,           0.0073567,           0.0073567,           0.0073567
                 536,            0.054655,            0.087286,            0.025258,             0.95735,             0.83204,             0.88312,             0.74638,            0.044633,             0.06094,            0.019334,           0.0073517,           0.0073517,           0.0073517
                 537,            0.054631,            0.086991,             0.02528,             0.95674,             0.83232,             0.88315,             0.74651,            0.044628,            0.060923,            0.019332,           0.0073468,           0.0073468,           0.0073468
                 538,            0.054715,            0.087566,            0.025319,             0.95739,             0.83202,             0.88315,              0.7465,            0.044626,            0.060901,            0.019331,           0.0073419,           0.0073419,           0.0073419
                 539,            0.054562,            0.087121,            0.025307,             0.95744,              0.8321,             0.88317,             0.74647,            0.044623,            0.060897,            0.019329,           0.0073369,           0.0073369,           0.0073369
                 540,            0.054588,            0.086985,            0.025269,             0.95735,             0.83219,              0.8832,             0.74656,            0.044622,            0.060888,            0.019328,           0.0073319,           0.0073319,           0.0073319
                 541,            0.054548,            0.087138,            0.025347,             0.95736,             0.83223,             0.88315,              0.7466,             0.04462,            0.060872,            0.019327,            0.007327,            0.007327,            0.007327
                 542,            0.054505,            0.087581,            0.025261,             0.95733,              0.8323,              0.8832,             0.74658,            0.044619,            0.060873,            0.019325,           0.0073221,           0.0073221,           0.0073221
                 543,            0.054698,            0.087031,            0.025321,             0.95744,             0.83229,              0.8832,             0.74658,            0.044616,             0.06086,            0.019324,           0.0073171,           0.0073171,           0.0073171
                 544,            0.054558,            0.086991,            0.025282,             0.95737,             0.83224,             0.88319,             0.74661,            0.044612,             0.06085,            0.019323,           0.0073121,           0.0073121,           0.0073121
                 545,            0.054631,            0.087685,            0.025291,              0.9574,             0.83224,             0.88319,             0.74665,            0.044611,            0.060852,            0.019322,           0.0073072,           0.0073072,           0.0073072
                 546,            0.054757,            0.087989,            0.025414,             0.95747,             0.83224,             0.88319,              0.7467,             0.04461,            0.060839,            0.019322,           0.0073023,           0.0073023,           0.0073023
                 547,             0.05474,            0.088126,             0.02547,             0.95744,             0.83233,             0.88322,             0.74662,            0.044609,            0.060842,             0.01932,           0.0072973,           0.0072973,           0.0072973
                 548,            0.054657,            0.086716,            0.025296,             0.95737,             0.83241,             0.88322,              0.7467,            0.044604,            0.060834,            0.019319,           0.0072923,           0.0072923,           0.0072923
                 549,            0.054494,            0.086865,            0.025283,             0.95738,             0.83246,             0.88325,             0.74674,            0.044602,             0.06083,            0.019317,           0.0072874,           0.0072874,           0.0072874
                 550,            0.054607,             0.08759,            0.025265,             0.95726,             0.83238,             0.88323,             0.74677,            0.044599,            0.060813,            0.019317,           0.0072825,           0.0072825,           0.0072825
                 551,            0.054523,            0.087346,            0.025154,             0.95722,             0.83249,              0.8832,             0.74688,            0.044598,            0.060818,            0.019316,           0.0072775,           0.0072775,           0.0072775
                 552,            0.054404,            0.086613,            0.025132,             0.95728,             0.83247,             0.88323,             0.74692,            0.044596,            0.060802,            0.019315,           0.0072725,           0.0072725,           0.0072725
                 553,            0.054522,            0.086111,            0.025298,             0.95719,             0.83247,             0.88322,             0.74697,            0.044592,            0.060793,            0.019314,           0.0072676,           0.0072676,           0.0072676
                 554,            0.054547,            0.087205,            0.025301,             0.95719,             0.83251,             0.88321,             0.74697,            0.044591,            0.060786,            0.019313,           0.0072627,           0.0072627,           0.0072627
                 555,            0.054815,            0.087952,            0.025455,             0.95722,             0.83255,             0.88317,             0.74698,            0.044592,            0.060796,            0.019312,           0.0072577,           0.0072577,           0.0072577
                 556,            0.054773,            0.088369,            0.025331,              0.9579,             0.83225,             0.88322,              0.7469,             0.04459,            0.060783,            0.019311,           0.0072527,           0.0072527,           0.0072527
                 557,            0.054451,            0.086691,            0.025251,             0.95786,             0.83231,             0.88322,             0.74694,            0.044587,            0.060779,            0.019309,           0.0072478,           0.0072478,           0.0072478
                 558,            0.054501,            0.086908,            0.025188,             0.95787,             0.83239,             0.88319,             0.74689,            0.044586,            0.060758,            0.019308,           0.0072429,           0.0072429,           0.0072429
                 559,            0.054468,            0.086908,            0.025187,              0.9579,             0.83237,             0.88317,              0.7469,            0.044581,            0.060754,            0.019307,           0.0072379,           0.0072379,           0.0072379
                 560,            0.054701,             0.08765,            0.025409,             0.95776,             0.83244,             0.88315,             0.74685,            0.044581,             0.06076,            0.019306,           0.0072329,           0.0072329,           0.0072329
                 561,            0.054692,             0.08774,            0.025409,             0.95786,             0.83241,             0.88315,             0.74692,             0.04458,            0.060756,            0.019305,            0.007228,            0.007228,            0.007228
                 562,            0.054535,            0.087736,            0.025252,             0.95786,             0.83255,             0.88319,             0.74705,            0.044578,            0.060751,            0.019304,           0.0072231,           0.0072231,           0.0072231
                 563,            0.054494,            0.087255,            0.025189,             0.95793,             0.83259,             0.88319,             0.74705,            0.044575,            0.060735,            0.019302,           0.0072181,           0.0072181,           0.0072181
                 564,            0.054517,            0.086181,            0.025228,             0.95789,             0.83254,              0.8832,             0.74715,            0.044571,            0.060714,            0.019302,           0.0072132,           0.0072132,           0.0072132
                 565,            0.054479,            0.086235,            0.025258,             0.95788,              0.8326,             0.88316,             0.74716,            0.044568,            0.060699,            0.019301,           0.0072082,           0.0072082,           0.0072082
                 566,            0.054366,            0.086677,            0.025147,             0.95778,             0.83256,              0.8832,              0.7473,            0.044565,            0.060684,              0.0193,           0.0072033,           0.0072033,           0.0072033
                 567,            0.054488,            0.087649,            0.025309,             0.95756,             0.83266,             0.88321,             0.74736,            0.044563,            0.060656,            0.019299,           0.0071983,           0.0071983,           0.0071983
                 568,             0.05466,            0.087745,            0.025363,             0.95762,             0.83271,             0.88318,              0.7473,            0.044564,            0.060663,            0.019298,           0.0071934,           0.0071934,           0.0071934
                 569,            0.054696,            0.088001,            0.025354,             0.95775,              0.8327,             0.88318,             0.74731,            0.044565,            0.060672,            0.019298,           0.0071884,           0.0071884,           0.0071884
                 570,            0.054565,            0.087488,            0.025224,             0.95778,             0.83265,             0.88315,              0.7473,            0.044565,            0.060676,            0.019297,           0.0071835,           0.0071835,           0.0071835
                 571,            0.054353,            0.086541,            0.025126,             0.95782,             0.83265,             0.88314,              0.7474,            0.044564,            0.060664,            0.019297,           0.0071785,           0.0071785,           0.0071785
                 572,            0.054415,            0.087028,            0.025176,               0.958,             0.83268,             0.88316,             0.74748,             0.04456,             0.06066,            0.019296,           0.0071736,           0.0071736,           0.0071736
                 573,            0.054532,            0.086513,            0.025341,             0.95801,             0.83267,             0.88316,             0.74738,            0.044556,            0.060649,            0.019294,           0.0071686,           0.0071686,           0.0071686
                 574,            0.054568,            0.088132,            0.025252,             0.95793,             0.83267,             0.88317,              0.7474,            0.044553,            0.060642,            0.019293,           0.0071637,           0.0071637,           0.0071637
                 575,            0.054524,            0.087109,            0.025285,             0.95851,             0.83236,             0.88313,             0.74743,            0.044551,            0.060635,            0.019292,           0.0071587,           0.0071587,           0.0071587
                 576,            0.054344,            0.087167,            0.025145,             0.95863,             0.83239,             0.88316,              0.7475,            0.044548,            0.060631,            0.019291,           0.0071538,           0.0071538,           0.0071538
                 577,            0.054453,             0.08617,            0.025203,             0.95865,             0.83244,             0.88319,             0.74751,            0.044548,            0.060638,             0.01929,           0.0071488,           0.0071488,           0.0071488
                 578,            0.054507,            0.086941,            0.025222,             0.95863,              0.8325,             0.88319,             0.74755,            0.044546,            0.060631,            0.019289,           0.0071439,           0.0071439,           0.0071439
                 579,            0.054342,            0.086784,            0.025236,             0.95876,             0.83252,             0.88319,             0.74758,            0.044547,             0.06063,            0.019288,           0.0071389,           0.0071389,           0.0071389
                 580,            0.054362,            0.086589,            0.025168,             0.95892,             0.83258,             0.88318,             0.74761,            0.044549,            0.060633,            0.019287,            0.007134,            0.007134,            0.007134
                 581,            0.054646,            0.087394,            0.025317,              0.9589,             0.83258,             0.88316,             0.74765,            0.044546,            0.060635,            0.019286,            0.007129,            0.007129,            0.007129
                 582,            0.054486,            0.087624,            0.025306,             0.95881,             0.83257,             0.88316,             0.74767,            0.044544,            0.060615,            0.019286,           0.0071241,           0.0071241,           0.0071241
                 583,            0.054566,            0.087507,            0.025279,             0.95941,             0.83232,             0.88315,             0.74763,            0.044543,            0.060612,            0.019285,           0.0071191,           0.0071191,           0.0071191
                 584,            0.054722,            0.087786,            0.025365,             0.95934,             0.83223,             0.88311,             0.74759,            0.044542,            0.060617,            0.019285,           0.0071142,           0.0071142,           0.0071142
                 585,            0.054603,            0.087709,            0.025294,             0.95933,              0.8323,             0.88314,             0.74764,            0.044538,            0.060604,            0.019284,           0.0071092,           0.0071092,           0.0071092
                 586,            0.054503,            0.086796,             0.02522,             0.95937,             0.83238,             0.88315,             0.74765,            0.044536,            0.060583,            0.019283,           0.0071042,           0.0071042,           0.0071042
                 587,            0.054485,            0.087067,            0.025187,              0.9593,             0.83238,             0.88317,             0.74772,            0.044531,             0.06058,            0.019282,           0.0070993,           0.0070993,           0.0070993
                 588,            0.054519,            0.087014,            0.025294,              0.9592,             0.83242,             0.88319,             0.74772,            0.044531,            0.060581,            0.019281,           0.0070944,           0.0070944,           0.0070944
                 589,            0.054582,            0.086852,            0.025238,             0.95922,             0.83251,             0.88322,             0.74767,            0.044533,            0.060575,             0.01928,           0.0070894,           0.0070894,           0.0070894
                 590,            0.054578,            0.087317,            0.025248,             0.95912,             0.83252,              0.8832,             0.74768,            0.044528,            0.060561,             0.01928,           0.0070844,           0.0070844,           0.0070844
                 591,            0.054367,            0.085969,            0.025167,             0.95923,             0.83251,             0.88327,              0.7477,            0.044525,            0.060549,            0.019279,           0.0070795,           0.0070795,           0.0070795
                 592,            0.054243,            0.085996,            0.025081,             0.95914,             0.83248,             0.88323,             0.74782,            0.044521,            0.060534,            0.019278,           0.0070746,           0.0070746,           0.0070746
                 593,            0.054454,            0.086353,            0.025283,             0.95916,             0.83257,             0.88325,             0.74779,            0.044521,            0.060532,            0.019277,           0.0070696,           0.0070696,           0.0070696
                 594,            0.054519,            0.087157,            0.025308,             0.95896,             0.83267,             0.88323,             0.74786,            0.044516,            0.060524,            0.019276,           0.0070647,           0.0070647,           0.0070647
                 595,            0.054545,            0.087386,            0.025222,             0.95897,             0.83275,             0.88329,              0.7479,            0.044511,            0.060492,            0.019275,           0.0070597,           0.0070597,           0.0070597
                 596,            0.054372,            0.086827,            0.025131,               0.959,             0.83271,             0.88328,             0.74794,            0.044513,            0.060512,            0.019275,           0.0070547,           0.0070547,           0.0070547
                 597,            0.054439,            0.086373,            0.025218,             0.95892,             0.83277,             0.88328,             0.74802,            0.044511,            0.060507,            0.019274,           0.0070498,           0.0070498,           0.0070498
                 598,            0.054497,            0.086968,            0.025306,             0.95878,              0.8328,             0.88323,             0.74795,            0.044511,            0.060492,            0.019273,           0.0070449,           0.0070449,           0.0070449
                 599,            0.054251,            0.085866,            0.025135,             0.95875,             0.83289,             0.88321,             0.74805,            0.044509,            0.060493,            0.019272,           0.0070399,           0.0070399,           0.0070399
                 600,            0.054388,            0.086893,            0.025166,             0.95877,             0.83296,             0.88323,              0.7481,            0.044507,            0.060489,            0.019271,           0.0070349,           0.0070349,           0.0070349
                 601,             0.05428,            0.086821,            0.025165,              0.9587,             0.83305,             0.88328,             0.74827,            0.044503,            0.060471,             0.01927,             0.00703,             0.00703,             0.00703
                 602,            0.054392,             0.08627,            0.025185,             0.95858,             0.83308,             0.88329,             0.74833,              0.0445,            0.060465,            0.019269,           0.0070251,           0.0070251,           0.0070251
                 603,             0.05434,            0.086716,            0.025156,             0.95865,             0.83315,             0.88333,             0.74845,            0.044495,            0.060452,            0.019268,           0.0070201,           0.0070201,           0.0070201
                 604,            0.054602,            0.086939,            0.025309,             0.95864,             0.83314,             0.88337,             0.74837,            0.044494,            0.060447,            0.019267,           0.0070152,           0.0070152,           0.0070152
                 605,            0.054454,            0.087254,            0.025264,             0.95908,             0.83291,             0.88336,             0.74838,            0.044492,            0.060448,            0.019267,           0.0070102,           0.0070102,           0.0070102
                 606,             0.05436,            0.087119,            0.025249,             0.95902,             0.83288,             0.88336,             0.74848,            0.044491,            0.060437,            0.019266,           0.0070053,           0.0070053,           0.0070053
                 607,             0.05447,            0.086956,            0.025253,             0.95911,             0.83286,             0.88337,             0.74853,            0.044488,            0.060435,            0.019264,           0.0070003,           0.0070003,           0.0070003
                 608,            0.054337,            0.086546,            0.025138,             0.95919,              0.8329,             0.88338,             0.74854,            0.044487,            0.060436,            0.019263,           0.0069954,           0.0069954,           0.0069954
                 609,             0.05441,            0.086583,            0.025268,             0.95905,             0.83279,             0.88334,             0.74856,            0.044484,            0.060424,            0.019263,           0.0069904,           0.0069904,           0.0069904
                 610,            0.054371,            0.086773,            0.025255,               0.959,             0.83291,             0.88339,             0.74856,            0.044482,            0.060416,            0.019262,           0.0069854,           0.0069854,           0.0069854
                 611,            0.054562,            0.087525,            0.025264,             0.95896,             0.83289,             0.88336,             0.74866,             0.04448,            0.060391,            0.019261,           0.0069805,           0.0069805,           0.0069805
                 612,            0.054535,            0.086696,            0.025299,             0.95897,              0.8329,             0.88336,             0.74868,            0.044479,            0.060401,             0.01926,           0.0069756,           0.0069756,           0.0069756
                 613,            0.054214,            0.086657,            0.025061,             0.95894,             0.83288,             0.88335,             0.74876,            0.044479,            0.060391,             0.01926,           0.0069706,           0.0069706,           0.0069706
                 614,            0.054495,            0.087069,            0.025274,             0.95896,             0.83293,             0.88337,             0.74889,            0.044477,            0.060385,            0.019259,           0.0069657,           0.0069657,           0.0069657
                 615,            0.054405,            0.086742,            0.025154,             0.95901,             0.83302,              0.8834,             0.74894,            0.044475,            0.060376,            0.019258,           0.0069607,           0.0069607,           0.0069607
                 616,            0.054191,            0.086383,            0.025066,             0.95909,             0.83302,             0.88341,             0.74905,            0.044474,            0.060376,            0.019258,           0.0069558,           0.0069558,           0.0069558
                 617,            0.054228,            0.085775,            0.025082,             0.95898,             0.83298,             0.88342,             0.74907,             0.04447,            0.060343,            0.019258,           0.0069508,           0.0069508,           0.0069508
                 618,            0.054321,             0.08625,            0.025142,             0.95894,             0.83304,             0.88339,              0.7491,            0.044467,            0.060344,            0.019256,           0.0069458,           0.0069458,           0.0069458
                 619,             0.05433,            0.086746,            0.025118,             0.95891,             0.83301,             0.88341,             0.74917,            0.044466,            0.060323,            0.019256,           0.0069409,           0.0069409,           0.0069409
                 620,             0.05438,             0.08674,            0.025298,             0.95898,             0.83306,             0.88341,             0.74913,            0.044466,            0.060333,            0.019255,           0.0069359,           0.0069359,           0.0069359
                 621,            0.054453,            0.086508,            0.025229,             0.95895,             0.83307,             0.88343,             0.74912,            0.044465,            0.060337,            0.019254,            0.006931,            0.006931,            0.006931
                 622,            0.054334,            0.086359,            0.025169,             0.95893,             0.83303,              0.8834,              0.7492,            0.044461,            0.060297,            0.019254,           0.0069261,           0.0069261,           0.0069261
                 623,            0.054358,            0.086367,            0.025169,             0.95914,             0.83315,             0.88346,             0.74926,            0.044455,             0.06029,            0.019253,           0.0069211,           0.0069211,           0.0069211
                 624,            0.054317,            0.086199,            0.025147,             0.95888,             0.83313,             0.88346,             0.74931,            0.044452,            0.060281,            0.019252,           0.0069162,           0.0069162,           0.0069162
                 625,            0.054303,            0.086029,            0.025257,             0.95903,             0.83317,             0.88344,             0.74934,            0.044451,            0.060276,            0.019251,           0.0069112,           0.0069112,           0.0069112
                 626,            0.054193,            0.086185,            0.025088,             0.95914,             0.83318,              0.8835,             0.74944,            0.044448,            0.060265,            0.019251,           0.0069063,           0.0069063,           0.0069063
                 627,            0.054261,            0.085923,            0.025187,              0.9591,             0.83323,             0.88353,              0.7495,            0.044447,            0.060241,            0.019249,           0.0069013,           0.0069013,           0.0069013
                 628,            0.054321,             0.08604,            0.025238,             0.95921,              0.8333,             0.88354,             0.74953,            0.044445,            0.060238,            0.019249,           0.0068963,           0.0068963,           0.0068963
                 629,            0.054383,            0.086843,            0.025199,             0.95912,             0.83322,             0.88354,              0.7496,            0.044444,            0.060236,            0.019248,           0.0068914,           0.0068914,           0.0068914
                 630,            0.054367,            0.086769,            0.025205,              0.9585,             0.83346,             0.88354,              0.7496,            0.044444,            0.060242,            0.019247,           0.0068864,           0.0068864,           0.0068864
                 631,            0.054481,            0.086589,            0.025268,             0.95859,             0.83351,             0.88362,             0.74965,            0.044444,            0.060245,            0.019247,           0.0068815,           0.0068815,           0.0068815
                 632,             0.05418,            0.086763,            0.025082,             0.95864,             0.83355,             0.88363,             0.74966,            0.044442,            0.060236,            0.019247,           0.0068766,           0.0068766,           0.0068766
                 633,            0.054376,            0.086295,            0.025256,             0.95872,              0.8335,              0.8837,             0.74969,            0.044438,            0.060225,            0.019246,           0.0068716,           0.0068716,           0.0068716
                 634,            0.054231,            0.085548,            0.025132,             0.95871,             0.83341,             0.88363,             0.74972,            0.044436,             0.06023,            0.019246,           0.0068667,           0.0068667,           0.0068667
                 635,            0.054339,              0.0864,            0.025157,             0.95868,             0.83342,             0.88359,             0.74964,            0.044436,            0.060247,            0.019246,           0.0068617,           0.0068617,           0.0068617
                 636,            0.054228,            0.086336,            0.025182,             0.95869,             0.83342,             0.88358,             0.74961,            0.044434,             0.06024,            0.019246,           0.0068568,           0.0068568,           0.0068568
                 637,             0.05421,            0.086689,            0.025051,             0.95797,             0.83361,             0.88358,             0.74963,            0.044432,            0.060233,            0.019245,           0.0068518,           0.0068518,           0.0068518
                 638,            0.054211,            0.086542,            0.025124,             0.95801,             0.83364,             0.88357,             0.74958,             0.04443,            0.060227,            0.019245,           0.0068468,           0.0068468,           0.0068468
                 639,            0.054253,            0.086655,             0.02515,             0.95875,             0.83335,             0.88359,             0.74961,            0.044428,            0.060217,            0.019244,           0.0068419,           0.0068419,           0.0068419
                 640,            0.054368,            0.086722,            0.025256,              0.9587,             0.83343,             0.88362,             0.74965,            0.044427,            0.060196,            0.019244,           0.0068369,           0.0068369,           0.0068369
                 641,            0.054342,            0.086053,            0.025211,             0.95858,             0.83343,             0.88361,             0.74968,            0.044425,            0.060198,            0.019243,            0.006832,            0.006832,            0.006832
                 642,              0.0543,            0.086349,            0.025179,             0.95857,             0.83345,             0.88363,             0.74972,            0.044425,             0.06019,            0.019242,           0.0068271,           0.0068271,           0.0068271
                 643,            0.054191,            0.086128,            0.025129,             0.95856,             0.83346,             0.88364,              0.7497,            0.044424,            0.060197,            0.019241,           0.0068221,           0.0068221,           0.0068221
                 644,            0.054325,            0.086641,            0.025246,             0.95859,              0.8336,             0.88363,             0.74975,            0.044423,            0.060191,             0.01924,           0.0068172,           0.0068172,           0.0068172
                 645,            0.054273,            0.086508,            0.025157,             0.95857,             0.83357,             0.88364,             0.74975,            0.044419,            0.060172,             0.01924,           0.0068122,           0.0068122,           0.0068122
                 646,            0.054167,            0.085395,            0.025104,             0.95847,             0.83352,             0.88362,             0.74975,            0.044419,            0.060155,            0.019239,           0.0068073,           0.0068073,           0.0068073
                 647,            0.054197,            0.086295,            0.025203,             0.95854,             0.83347,              0.8836,             0.74969,            0.044418,            0.060157,            0.019238,           0.0068023,           0.0068023,           0.0068023
                 648,            0.054278,            0.085894,            0.025113,             0.95869,             0.83353,             0.88366,             0.74974,            0.044417,            0.060153,            0.019239,           0.0067973,           0.0067973,           0.0067973
                 649,            0.054407,            0.086073,            0.025237,             0.95865,             0.83353,             0.88364,             0.74974,            0.044419,            0.060145,            0.019239,           0.0067924,           0.0067924,           0.0067924
                 650,            0.054384,            0.086261,            0.025239,             0.95864,             0.83356,             0.88368,             0.74975,            0.044416,            0.060138,            0.019238,           0.0067875,           0.0067875,           0.0067875
                 651,            0.054382,            0.086598,            0.025187,             0.95866,             0.83357,             0.88366,             0.74964,            0.044417,             0.06015,            0.019238,           0.0067825,           0.0067825,           0.0067825
                 652,             0.05422,            0.086424,            0.025136,             0.95858,             0.83356,             0.88368,              0.7497,            0.044411,            0.060148,            0.019237,           0.0067776,           0.0067776,           0.0067776
                 653,            0.054395,            0.086333,            0.025214,             0.95862,             0.83357,             0.88368,             0.74967,            0.044409,            0.060154,            0.019237,           0.0067726,           0.0067726,           0.0067726
                 654,            0.054319,            0.085769,            0.025153,             0.95867,             0.83355,             0.88372,              0.7497,            0.044409,            0.060147,            0.019236,           0.0067677,           0.0067677,           0.0067677
                 655,             0.05423,            0.085839,            0.025098,              0.9585,             0.83358,             0.88368,             0.74972,            0.044408,            0.060153,            0.019235,           0.0067627,           0.0067627,           0.0067627
                 656,            0.054145,            0.085348,            0.025071,             0.95846,             0.83362,             0.88373,             0.74971,            0.044406,             0.06014,            0.019234,           0.0067577,           0.0067577,           0.0067577
                 657,            0.054169,            0.085656,            0.025112,             0.95832,             0.83362,             0.88375,             0.74976,            0.044406,            0.060131,            0.019234,           0.0067528,           0.0067528,           0.0067528
                 658,            0.054079,            0.085748,            0.025093,             0.95898,             0.83331,             0.88377,             0.74979,            0.044406,            0.060118,            0.019233,           0.0067478,           0.0067478,           0.0067478
                 659,            0.054444,            0.086198,            0.025261,             0.95893,             0.83333,             0.88376,             0.74984,            0.044407,            0.060117,            0.019233,           0.0067429,           0.0067429,           0.0067429
                 660,            0.054308,             0.08582,            0.025194,             0.95899,             0.83333,             0.88379,             0.74983,            0.044407,            0.060104,            0.019233,            0.006738,            0.006738,            0.006738
                 661,             0.05417,            0.085883,            0.025106,             0.95881,             0.83346,             0.88382,             0.74986,            0.044405,            0.060078,            0.019232,            0.006733,            0.006733,            0.006733
                 662,            0.054118,            0.086204,            0.025089,             0.95867,             0.83356,             0.88381,                0.75,            0.044405,            0.060072,            0.019231,           0.0067281,           0.0067281,           0.0067281
                 663,             0.05422,            0.086542,            0.025126,             0.95867,             0.83357,              0.8838,             0.74998,            0.044407,            0.060072,             0.01923,           0.0067231,           0.0067231,           0.0067231
                 664,            0.054451,            0.087355,            0.025294,             0.95844,             0.83359,             0.88379,             0.75008,            0.044405,            0.060055,            0.019229,           0.0067181,           0.0067181,           0.0067181
                 665,            0.054166,            0.085814,              0.0251,             0.95902,             0.83342,             0.88381,             0.75016,            0.044405,            0.060056,            0.019228,           0.0067132,           0.0067132,           0.0067132
                 666,            0.054292,              0.0866,            0.025228,             0.95842,             0.83364,             0.88381,             0.75013,            0.044406,            0.060064,            0.019228,           0.0067082,           0.0067082,           0.0067082
                 667,            0.054195,            0.086184,            0.025125,             0.95827,             0.83363,             0.88378,              0.7502,            0.044405,            0.060051,            0.019228,           0.0067033,           0.0067033,           0.0067033
                 668,            0.054114,            0.086301,             0.02511,             0.95893,             0.83337,             0.88378,             0.75025,            0.044406,            0.060056,            0.019228,           0.0066983,           0.0066983,           0.0066983
                 669,             0.05413,            0.085531,            0.025075,             0.95897,             0.83333,             0.88377,             0.75037,            0.044406,            0.060051,            0.019227,           0.0066934,           0.0066934,           0.0066934
                 670,            0.054165,            0.085272,            0.025059,             0.95905,             0.83333,             0.88377,             0.75045,            0.044405,             0.06005,            0.019228,           0.0066885,           0.0066885,           0.0066885
                 671,            0.053975,            0.085473,            0.024954,             0.95852,             0.83358,             0.88377,              0.7505,            0.044404,            0.060038,            0.019228,           0.0066835,           0.0066835,           0.0066835
                 672,             0.05415,            0.086021,            0.025117,             0.95906,             0.83332,             0.88378,             0.75062,            0.044404,            0.060042,            0.019228,           0.0066786,           0.0066786,           0.0066786
                 673,            0.054121,            0.086122,            0.025145,              0.9585,             0.83358,             0.88377,             0.75066,            0.044402,            0.060029,            0.019227,           0.0066736,           0.0066736,           0.0066736
                 674,            0.054172,             0.08627,            0.025119,             0.95903,             0.83331,             0.88373,              0.7508,            0.044401,            0.060019,            0.019226,           0.0066686,           0.0066686,           0.0066686
                 675,            0.054268,            0.086704,            0.025152,             0.95918,              0.8333,             0.88374,             0.75086,            0.044399,            0.060007,            0.019226,           0.0066637,           0.0066637,           0.0066637
                 676,            0.054279,            0.085941,            0.025183,             0.95906,             0.83336,             0.88377,             0.75093,            0.044394,            0.059986,            0.019226,           0.0066587,           0.0066587,           0.0066587
                 677,            0.053968,            0.085301,            0.024995,             0.95913,             0.83334,             0.88377,             0.75099,            0.044394,            0.059973,            0.019225,           0.0066538,           0.0066538,           0.0066538
                 678,            0.054021,            0.085507,               0.025,             0.95897,             0.83338,             0.88383,             0.75105,            0.044394,            0.059976,            0.019224,           0.0066488,           0.0066488,           0.0066488
                 679,            0.054308,             0.08652,            0.025268,               0.959,              0.8334,             0.88381,             0.75116,             0.04439,            0.059945,            0.019223,           0.0066439,           0.0066439,           0.0066439
                 680,            0.054137,            0.086412,            0.025139,             0.95909,             0.83346,             0.88385,              0.7512,            0.044389,            0.059928,            0.019222,            0.006639,            0.006639,            0.006639
                 681,            0.054301,            0.086585,            0.025212,             0.95905,             0.83346,             0.88382,             0.75129,            0.044388,            0.059915,            0.019221,            0.006634,            0.006634,            0.006634
                 682,            0.054434,            0.086733,            0.025265,             0.95895,             0.83357,             0.88382,             0.75134,            0.044386,            0.059907,             0.01922,           0.0066291,           0.0066291,           0.0066291
                 683,            0.054286,            0.087184,            0.025255,              0.9589,             0.83342,             0.88383,              0.7514,            0.044384,            0.059888,             0.01922,           0.0066241,           0.0066241,           0.0066241
                 684,            0.054074,            0.085789,            0.025022,             0.95883,             0.83342,              0.8838,             0.75146,            0.044381,            0.059905,            0.019219,           0.0066192,           0.0066192,           0.0066192
                 685,             0.05412,            0.086038,            0.025014,             0.95878,             0.83341,             0.88383,             0.75155,             0.04438,            0.059892,            0.019219,           0.0066142,           0.0066142,           0.0066142
                 686,             0.05414,            0.085712,            0.025119,             0.95881,             0.83343,             0.88383,             0.75157,            0.044381,            0.059892,            0.019218,           0.0066092,           0.0066092,           0.0066092
                 687,            0.054216,            0.086663,            0.025111,             0.95888,             0.83357,             0.88391,             0.75169,            0.044379,            0.059878,            0.019217,           0.0066043,           0.0066043,           0.0066043
                 688,            0.054066,            0.085851,            0.025073,             0.95868,             0.83362,             0.88393,             0.75178,             0.04438,             0.05988,            0.019216,           0.0065993,           0.0065993,           0.0065993
                 689,             0.05417,            0.085287,             0.02513,             0.95864,             0.83366,             0.88396,             0.75185,            0.044378,            0.059874,            0.019215,           0.0065944,           0.0065944,           0.0065944
                 690,            0.053937,            0.085018,            0.024949,             0.95872,             0.83354,             0.88396,             0.75188,            0.044378,            0.059865,            0.019215,           0.0065895,           0.0065895,           0.0065895
                 691,            0.054159,             0.08614,            0.025059,             0.95872,             0.83358,             0.88402,             0.75193,             0.04438,            0.059865,            0.019213,           0.0065845,           0.0065845,           0.0065845
                 692,            0.054255,            0.085258,            0.025211,             0.95884,             0.83353,             0.88402,             0.75196,             0.04438,            0.059865,            0.019213,           0.0065796,           0.0065796,           0.0065796
                 693,            0.054122,            0.085525,            0.025118,             0.95895,             0.83364,             0.88402,              0.7521,             0.04438,            0.059871,            0.019212,           0.0065746,           0.0065746,           0.0065746
                 694,            0.054139,            0.086181,            0.025147,             0.95895,             0.83362,             0.88406,             0.75214,             0.04438,            0.059867,            0.019211,           0.0065697,           0.0065697,           0.0065697
                 695,            0.054185,            0.086323,            0.025174,             0.95895,             0.83366,             0.88407,             0.75217,             0.04438,            0.059871,             0.01921,           0.0065647,           0.0065647,           0.0065647
                 696,            0.054282,             0.08631,            0.025196,             0.95904,             0.83361,             0.88406,             0.75228,            0.044379,            0.059857,            0.019209,           0.0065598,           0.0065598,           0.0065598
                 697,            0.054073,            0.085638,            0.025074,             0.95897,             0.83361,             0.88409,             0.75239,            0.044377,            0.059856,            0.019209,           0.0065548,           0.0065548,           0.0065548
                 698,            0.054111,            0.085286,            0.025096,             0.95898,             0.83364,             0.88411,             0.75248,            0.044371,            0.059833,            0.019208,           0.0065498,           0.0065498,           0.0065498
                 699,            0.054382,            0.087617,            0.025273,             0.95891,              0.8336,              0.8841,             0.75246,            0.044368,            0.059833,            0.019206,           0.0065449,           0.0065449,           0.0065449
                 700,            0.054191,            0.086367,            0.025204,             0.95892,             0.83356,             0.88413,             0.75255,            0.044364,            0.059804,            0.019205,             0.00654,             0.00654,             0.00654
                 701,            0.054182,            0.086198,            0.025131,             0.95899,             0.83357,              0.8841,              0.7526,            0.044362,            0.059797,            0.019205,            0.006535,            0.006535,            0.006535
                 702,            0.054131,            0.086027,             0.02507,              0.9588,             0.83353,             0.88412,             0.75268,            0.044363,            0.059804,            0.019205,             0.00653,             0.00653,             0.00653
                 703,            0.054102,            0.085665,            0.025051,             0.95888,             0.83352,             0.88415,             0.75277,            0.044363,            0.059808,            0.019204,           0.0065251,           0.0065251,           0.0065251
                 704,            0.053992,            0.085836,            0.025093,             0.95889,             0.83355,             0.88417,              0.7528,            0.044364,            0.059796,            0.019203,           0.0065202,           0.0065202,           0.0065202
                 705,            0.054167,            0.084838,            0.025133,             0.95898,             0.83355,             0.88427,             0.75281,            0.044363,            0.059782,            0.019203,           0.0065152,           0.0065152,           0.0065152
                 706,            0.054019,            0.085377,            0.025061,             0.95913,             0.83364,             0.88428,             0.75289,            0.044364,            0.059776,            0.019202,           0.0065102,           0.0065102,           0.0065102
                 707,            0.053969,            0.085865,            0.024961,             0.95903,              0.8336,             0.88435,             0.75299,            0.044364,            0.059779,            0.019202,           0.0065053,           0.0065053,           0.0065053
                 708,            0.054176,            0.086334,            0.025135,             0.95916,             0.83365,             0.88439,             0.75304,            0.044363,             0.05977,            0.019201,           0.0065004,           0.0065004,           0.0065004
                 709,             0.05407,             0.08529,            0.025098,             0.95905,             0.83363,             0.88441,             0.75306,             0.04436,            0.059768,            0.019201,           0.0064954,           0.0064954,           0.0064954
                 710,            0.054064,            0.085637,            0.025064,             0.95892,             0.83357,             0.88437,             0.75312,            0.044358,             0.05976,              0.0192,           0.0064905,           0.0064905,           0.0064905
                 711,            0.053954,            0.084948,            0.024974,               0.959,             0.83356,             0.88435,             0.75315,            0.044355,            0.059749,            0.019199,           0.0064855,           0.0064855,           0.0064855
                 712,            0.054047,            0.085511,            0.024993,              0.9589,             0.83354,             0.88436,             0.75322,            0.044351,            0.059732,            0.019198,           0.0064806,           0.0064806,           0.0064806
                 713,            0.054013,            0.085392,            0.025062,             0.95942,             0.83324,             0.88435,             0.75321,            0.044348,              0.0597,            0.019197,           0.0064756,           0.0064756,           0.0064756
                 714,             0.05385,            0.084905,            0.024962,             0.95891,             0.83353,             0.88441,             0.75324,            0.044346,            0.059702,            0.019197,           0.0064707,           0.0064707,           0.0064707
                 715,             0.05416,            0.084794,            0.025131,             0.95942,             0.83329,             0.88441,             0.75333,            0.044343,            0.059685,            0.019196,           0.0064657,           0.0064657,           0.0064657
                 716,            0.054087,            0.085649,            0.025097,              0.9589,             0.83354,             0.88444,             0.75338,            0.044343,            0.059684,            0.019195,           0.0064608,           0.0064608,           0.0064608
                 717,            0.053909,            0.084996,            0.024955,             0.95954,             0.83336,             0.88445,             0.75338,            0.044342,            0.059669,            0.019195,           0.0064558,           0.0064558,           0.0064558
                 718,            0.053982,            0.086382,            0.025036,             0.95953,             0.83331,             0.88441,             0.75338,            0.044343,            0.059671,            0.019194,           0.0064508,           0.0064508,           0.0064508
                 719,            0.053971,            0.085953,               0.025,             0.95949,             0.83328,              0.8844,             0.75341,            0.044343,            0.059666,            0.019194,           0.0064459,           0.0064459,           0.0064459
                 720,             0.05393,            0.085827,            0.025055,              0.9595,              0.8333,             0.88447,             0.75352,            0.044342,            0.059663,            0.019193,            0.006441,            0.006441,            0.006441
                 721,            0.054022,            0.085628,            0.025033,              0.9594,             0.83338,             0.88447,             0.75357,             0.04434,            0.059665,            0.019193,            0.006436,            0.006436,            0.006436
                 722,            0.054035,             0.08553,            0.025116,             0.95938,              0.8335,             0.88447,             0.75354,            0.044339,            0.059666,            0.019192,            0.006431,            0.006431,            0.006431
                 723,            0.053952,            0.085844,            0.024998,             0.95931,              0.8335,             0.88444,             0.75358,            0.044338,            0.059666,            0.019191,           0.0064261,           0.0064261,           0.0064261
                 724,            0.054123,            0.086804,            0.025136,             0.95947,             0.83358,             0.88448,             0.75356,            0.044336,            0.059647,            0.019191,           0.0064212,           0.0064212,           0.0064212
                 725,            0.054117,            0.086421,            0.025147,             0.95936,             0.83355,             0.88447,             0.75354,            0.044332,            0.059636,            0.019189,           0.0064162,           0.0064162,           0.0064162
                 726,            0.054076,            0.084921,            0.025065,             0.95928,             0.83358,             0.88444,             0.75357,            0.044329,            0.059618,            0.019189,           0.0064112,           0.0064112,           0.0064112
                 727,            0.053999,            0.085275,            0.024969,             0.95926,             0.83361,              0.8845,             0.75356,            0.044329,            0.059608,            0.019188,           0.0064063,           0.0064063,           0.0064063
                 728,            0.053819,            0.084736,            0.024895,             0.95942,             0.83365,             0.88457,             0.75367,            0.044326,             0.05961,            0.019187,           0.0064014,           0.0064014,           0.0064014
                 729,            0.053852,            0.085376,            0.024955,              0.9594,             0.83359,             0.88451,             0.75374,             0.04432,            0.059587,            0.019186,           0.0063964,           0.0063964,           0.0063964
                 730,            0.054053,             0.08525,            0.025074,             0.95931,             0.83362,             0.88453,             0.75389,            0.044317,            0.059581,            0.019185,           0.0063914,           0.0063914,           0.0063914
                 731,            0.053946,            0.085178,            0.025021,             0.95921,             0.83362,             0.88451,             0.75394,            0.044315,            0.059568,            0.019185,           0.0063865,           0.0063865,           0.0063865
                 732,            0.053937,            0.085076,            0.025033,             0.95918,             0.83367,             0.88456,             0.75401,            0.044314,            0.059558,            0.019185,           0.0063816,           0.0063816,           0.0063816
                 733,            0.053914,            0.085343,            0.025068,             0.95915,             0.83378,             0.88452,             0.75411,            0.044311,             0.05955,            0.019185,           0.0063766,           0.0063766,           0.0063766
                 734,            0.053945,            0.085347,            0.025092,             0.95912,             0.83383,             0.88459,              0.7542,            0.044309,            0.059545,            0.019184,           0.0063716,           0.0063716,           0.0063716
                 735,            0.054202,            0.086324,            0.025131,             0.95929,             0.83381,             0.88459,             0.75424,             0.04431,            0.059552,            0.019183,           0.0063667,           0.0063667,           0.0063667
                 736,            0.054055,            0.085203,            0.025072,              0.9593,             0.83387,             0.88457,             0.75425,             0.04431,            0.059546,            0.019183,           0.0063618,           0.0063618,           0.0063618
                 737,            0.054038,            0.085688,            0.025082,             0.95914,             0.83391,             0.88458,             0.75439,            0.044309,            0.059542,            0.019182,           0.0063568,           0.0063568,           0.0063568
                 738,            0.054035,            0.085636,            0.025079,             0.95921,             0.83401,             0.88466,             0.75438,             0.04431,            0.059524,            0.019181,           0.0063519,           0.0063519,           0.0063519
                 739,            0.053929,            0.084775,             0.02494,             0.95926,             0.83403,             0.88467,             0.75434,             0.04431,            0.059528,            0.019181,           0.0063469,           0.0063469,           0.0063469
                 740,            0.053822,            0.085509,             0.02493,             0.95928,               0.834,             0.88466,             0.75443,            0.044309,            0.059514,             0.01918,            0.006342,            0.006342,            0.006342
                 741,             0.05403,            0.085272,            0.025122,             0.95969,             0.83376,             0.88464,             0.75448,            0.044306,            0.059494,            0.019179,            0.006337,            0.006337,            0.006337
                 742,            0.053922,            0.085679,            0.025087,             0.95987,             0.83389,             0.88467,             0.75452,            0.044306,            0.059493,            0.019178,            0.006332,            0.006332,            0.006332
                 743,            0.054015,            0.085416,            0.025122,             0.95982,              0.8339,             0.88469,             0.75458,            0.044304,            0.059481,            0.019178,           0.0063271,           0.0063271,           0.0063271
                 744,            0.054082,            0.085515,            0.025092,             0.95981,             0.83393,             0.88468,             0.75463,            0.044306,             0.05949,            0.019178,           0.0063222,           0.0063222,           0.0063222
                 745,            0.053901,            0.084925,            0.024923,             0.95988,             0.83392,             0.88471,              0.7546,            0.044305,            0.059487,            0.019177,           0.0063172,           0.0063172,           0.0063172
                 746,            0.053843,            0.084424,            0.024996,             0.95997,             0.83389,             0.88472,             0.75472,            0.044304,            0.059483,            0.019176,           0.0063122,           0.0063122,           0.0063122
                 747,            0.053953,            0.084958,            0.025053,             0.96001,             0.83391,             0.88478,             0.75481,            0.044302,             0.05946,            0.019176,           0.0063073,           0.0063073,           0.0063073
                 748,            0.053955,            0.085571,            0.025092,             0.96005,             0.83394,             0.88481,             0.75485,            0.044299,            0.059456,            0.019175,           0.0063024,           0.0063024,           0.0063024
                 749,            0.053989,            0.085449,            0.025032,             0.95995,             0.83393,              0.8848,             0.75481,              0.0443,            0.059446,            0.019174,           0.0062974,           0.0062974,           0.0062974
                 750,            0.053887,            0.085387,            0.024985,             0.95997,             0.83406,             0.88482,             0.75477,            0.044297,            0.059443,            0.019173,           0.0062924,           0.0062924,           0.0062924
                 751,            0.053928,            0.085662,             0.02496,              0.9599,             0.83415,             0.88488,             0.75487,            0.044295,            0.059438,            0.019172,           0.0062875,           0.0062875,           0.0062875
                 752,            0.053665,            0.084468,            0.024905,             0.95977,             0.83415,             0.88487,             0.75493,            0.044294,            0.059431,            0.019171,           0.0062826,           0.0062826,           0.0062826
                 753,               0.054,             0.08556,            0.025048,             0.95978,             0.83411,             0.88494,             0.75492,            0.044294,            0.059433,             0.01917,           0.0062776,           0.0062776,           0.0062776
                 754,            0.054065,            0.085919,            0.025037,             0.95988,             0.83423,             0.88487,             0.75502,            0.044295,            0.059447,            0.019169,           0.0062726,           0.0062726,           0.0062726
                 755,            0.053913,            0.085533,            0.025014,             0.95977,             0.83427,             0.88488,             0.75505,            0.044292,            0.059421,            0.019168,           0.0062677,           0.0062677,           0.0062677
                 756,            0.053998,            0.085573,            0.025064,             0.95978,             0.83429,             0.88491,             0.75503,            0.044288,            0.059401,            0.019167,           0.0062628,           0.0062628,           0.0062628
                 757,            0.054038,            0.085779,            0.025164,             0.95966,             0.83422,              0.8849,             0.75504,            0.044286,            0.059392,            0.019166,           0.0062578,           0.0062578,           0.0062578
                 758,            0.053939,            0.085364,            0.025064,             0.96011,             0.83398,             0.88489,             0.75501,            0.044284,              0.0594,            0.019165,           0.0062528,           0.0062528,           0.0062528
                 759,            0.054182,            0.086427,            0.025116,             0.96009,             0.83399,             0.88486,              0.7551,            0.044284,            0.059401,            0.019164,           0.0062479,           0.0062479,           0.0062479
                 760,            0.053963,            0.084749,            0.025046,              0.9601,             0.83405,             0.88489,               0.755,            0.044288,             0.05941,            0.019163,            0.006243,            0.006243,            0.006243
                 761,            0.053894,              0.0855,            0.024947,             0.96019,              0.8341,             0.88488,             0.75511,            0.044286,            0.059404,            0.019162,            0.006238,            0.006238,            0.006238
                 762,            0.053859,            0.084963,            0.024975,             0.96029,             0.83417,             0.88489,             0.75516,            0.044287,            0.059415,            0.019161,           0.0062331,           0.0062331,           0.0062331
                 763,            0.053824,            0.085201,            0.024968,             0.96013,             0.83412,              0.8849,             0.75518,            0.044286,            0.059406,             0.01916,           0.0062281,           0.0062281,           0.0062281
                 764,            0.053865,            0.085367,               0.025,             0.96007,             0.83415,             0.88493,             0.75524,            0.044282,             0.05941,             0.01916,           0.0062232,           0.0062232,           0.0062232
                 765,            0.053705,            0.085376,            0.024843,             0.96006,             0.83416,             0.88493,             0.75527,            0.044281,            0.059399,            0.019159,           0.0062182,           0.0062182,           0.0062182
                 766,            0.053851,             0.08488,            0.024933,             0.96011,             0.83423,             0.88491,             0.75532,             0.04428,            0.059393,            0.019158,           0.0062132,           0.0062132,           0.0062132
                 767,            0.053735,              0.0845,            0.024849,              0.9602,             0.83419,             0.88498,             0.75533,            0.044281,            0.059391,            0.019158,           0.0062083,           0.0062083,           0.0062083
                 768,            0.053913,            0.085293,            0.025062,             0.96019,             0.83422,             0.88497,             0.75543,            0.044278,            0.059373,            0.019157,           0.0062034,           0.0062034,           0.0062034
                 769,              0.0539,            0.086279,            0.025005,                0.96,              0.8342,             0.88497,             0.75555,            0.044278,            0.059375,            0.019157,           0.0061984,           0.0061984,           0.0061984
                 770,            0.053948,             0.08508,            0.025048,             0.96013,             0.83432,               0.885,             0.75558,            0.044278,            0.059394,            0.019157,           0.0061934,           0.0061934,           0.0061934
                 771,            0.053858,            0.084317,            0.024964,             0.96012,             0.83371,             0.88459,             0.75535,            0.044277,             0.05938,            0.019156,           0.0061885,           0.0061885,           0.0061885
                 772,             0.05381,            0.084474,            0.024967,             0.96034,             0.83429,             0.88503,              0.7557,            0.044278,            0.059378,            0.019156,           0.0061836,           0.0061836,           0.0061836
                 773,            0.053807,            0.085422,            0.024919,             0.96046,             0.83425,             0.88503,             0.75574,            0.044274,            0.059371,            0.019155,           0.0061786,           0.0061786,           0.0061786
                 774,            0.053854,            0.085071,            0.025013,             0.96044,             0.83429,             0.88503,             0.75578,            0.044273,            0.059363,            0.019154,           0.0061736,           0.0061736,           0.0061736
                 775,            0.053972,            0.085627,            0.025029,             0.96034,              0.8343,             0.88495,             0.75573,            0.044275,            0.059366,            0.019153,           0.0061687,           0.0061687,           0.0061687
                 776,            0.053966,            0.084707,            0.025008,             0.96031,             0.83428,             0.88505,             0.75567,            0.044278,            0.059357,            0.019153,           0.0061637,           0.0061637,           0.0061637
                 777,            0.053996,            0.084262,            0.025077,             0.96022,             0.83428,             0.88506,             0.75567,            0.044276,            0.059343,            0.019153,           0.0061588,           0.0061588,           0.0061588
                 778,            0.053846,            0.085482,            0.025002,             0.96065,             0.83396,             0.88503,             0.75567,            0.044275,            0.059335,            0.019152,           0.0061538,           0.0061538,           0.0061538
                 779,            0.053841,            0.084498,            0.024992,             0.96047,             0.83406,             0.88506,             0.75579,            0.044277,             0.05932,            0.019152,           0.0061489,           0.0061489,           0.0061489
                 780,            0.053768,            0.085166,            0.024885,              0.9604,             0.83408,             0.88506,             0.75579,            0.044275,            0.059315,            0.019151,            0.006144,            0.006144,            0.006144
                 781,            0.053757,            0.084448,            0.024991,             0.96027,             0.83411,             0.88511,             0.75575,            0.044274,            0.059309,            0.019151,            0.006139,            0.006139,            0.006139
                 782,            0.053706,            0.084826,            0.024892,             0.96015,             0.83414,             0.88509,             0.75583,            0.044277,            0.059311,            0.019151,           0.0061341,           0.0061341,           0.0061341
                 783,            0.053832,            0.085289,            0.025052,             0.96013,             0.83428,             0.88516,             0.75591,            0.044276,            0.059307,            0.019149,           0.0061291,           0.0061291,           0.0061291
                 784,            0.053881,            0.085295,            0.025016,             0.95992,             0.83427,             0.88513,             0.75595,            0.044274,            0.059309,            0.019149,           0.0061242,           0.0061242,           0.0061242
                 785,            0.053884,            0.085369,             0.02496,             0.95985,             0.83435,              0.8851,             0.75597,            0.044272,            0.059309,            0.019149,           0.0061192,           0.0061192,           0.0061192
                 786,            0.053742,            0.084416,            0.024946,             0.95981,             0.83441,             0.88511,             0.75601,            0.044268,            0.059297,            0.019148,           0.0061142,           0.0061142,           0.0061142
                 787,            0.053979,            0.085026,            0.025069,             0.95979,             0.83439,             0.88511,             0.75602,            0.044266,            0.059286,            0.019148,           0.0061093,           0.0061093,           0.0061093
                 788,            0.053774,             0.08482,            0.024961,             0.95975,             0.83444,             0.88506,             0.75597,            0.044265,            0.059285,            0.019148,           0.0061044,           0.0061044,           0.0061044
                 789,            0.053818,            0.084382,            0.024978,              0.9598,             0.83448,             0.88508,             0.75604,            0.044263,            0.059282,            0.019148,           0.0060994,           0.0060994,           0.0060994
                 790,            0.053743,            0.084873,            0.024945,             0.96035,             0.83426,             0.88507,             0.75598,            0.044262,            0.059273,            0.019147,           0.0060944,           0.0060944,           0.0060944
                 791,            0.053736,            0.084407,            0.024904,             0.96027,             0.83434,             0.88511,             0.75608,            0.044257,            0.059258,            0.019147,           0.0060895,           0.0060895,           0.0060895
                 792,            0.053706,            0.084514,            0.024953,             0.96018,             0.83432,             0.88508,              0.7561,            0.044258,            0.059257,            0.019146,           0.0060846,           0.0060846,           0.0060846
                 793,             0.05373,            0.084735,            0.024912,             0.96023,             0.83427,             0.88511,             0.75619,            0.044254,            0.059254,            0.019146,           0.0060796,           0.0060796,           0.0060796
                 794,            0.053676,            0.084509,            0.024824,             0.96007,             0.83428,             0.88508,             0.75623,            0.044256,            0.059272,            0.019145,           0.0060746,           0.0060746,           0.0060746
                 795,            0.053796,            0.084687,            0.024913,             0.96009,             0.83433,             0.88509,             0.75625,            0.044255,            0.059265,            0.019145,           0.0060697,           0.0060697,           0.0060697
                 796,            0.053618,            0.084045,            0.024919,             0.96004,             0.83439,             0.88507,             0.75637,            0.044252,            0.059262,            0.019143,           0.0060647,           0.0060647,           0.0060647
                 797,             0.05379,            0.084707,            0.024941,             0.96014,             0.83446,             0.88512,             0.75643,             0.04425,            0.059242,            0.019143,           0.0060598,           0.0060598,           0.0060598
                 798,            0.053785,            0.084693,            0.024916,             0.96027,             0.83454,              0.8851,             0.75639,            0.044251,            0.059257,            0.019142,           0.0060548,           0.0060548,           0.0060548
                 799,            0.053695,            0.084928,            0.024908,             0.96012,             0.83445,             0.88514,             0.75646,            0.044251,            0.059252,            0.019142,           0.0060499,           0.0060499,           0.0060499
                 800,            0.053706,             0.08472,            0.024886,             0.96009,             0.83455,              0.8852,             0.75654,             0.04425,            0.059249,            0.019142,            0.006045,            0.006045,            0.006045
                 801,            0.053793,            0.085575,            0.025053,             0.96015,             0.83456,             0.88521,             0.75649,            0.044247,            0.059254,            0.019141,             0.00604,             0.00604,             0.00604
                 802,            0.053703,            0.084794,            0.024893,              0.9601,             0.83457,             0.88521,             0.75658,            0.044246,            0.059246,             0.01914,           0.0060351,           0.0060351,           0.0060351
                 803,             0.05367,            0.084285,            0.024935,             0.96004,             0.83472,             0.88521,             0.75661,            0.044246,            0.059258,            0.019139,           0.0060301,           0.0060301,           0.0060301
                 804,            0.053633,            0.085022,            0.024919,              0.9601,             0.83477,             0.88521,             0.75663,            0.044246,            0.059254,            0.019137,           0.0060251,           0.0060251,           0.0060251
                 805,            0.053879,             0.08502,            0.024951,             0.96015,             0.83473,             0.88523,             0.75669,            0.044244,            0.059242,            0.019137,           0.0060202,           0.0060202,           0.0060202
                 806,            0.053676,            0.084395,            0.024919,             0.96004,             0.83474,             0.88521,             0.75675,            0.044243,             0.05923,            0.019136,           0.0060152,           0.0060152,           0.0060152
                 807,            0.053733,            0.084308,            0.024958,             0.96013,             0.83473,             0.88521,             0.75677,            0.044241,            0.059235,            0.019135,           0.0060103,           0.0060103,           0.0060103
                 808,            0.053705,             0.08448,            0.024896,             0.95979,             0.83474,             0.88519,             0.75677,             0.04424,            0.059232,            0.019135,           0.0060054,           0.0060054,           0.0060054
                 809,            0.053796,            0.083996,            0.024998,             0.96044,             0.83448,             0.88521,             0.75677,            0.044238,            0.059226,            0.019134,           0.0060004,           0.0060004,           0.0060004
                 810,            0.053828,            0.084646,            0.024956,             0.95975,             0.83485,             0.88522,             0.75675,            0.044233,            0.059224,            0.019134,           0.0059954,           0.0059954,           0.0059954
                 811,            0.053772,            0.084682,            0.024977,              0.9603,             0.83452,             0.88521,             0.75675,             0.04423,            0.059228,            0.019134,           0.0059905,           0.0059905,           0.0059905
                 812,            0.053835,            0.084482,            0.024994,             0.95967,             0.83485,             0.88522,             0.75675,             0.04423,            0.059225,            0.019133,           0.0059856,           0.0059856,           0.0059856
                 813,            0.053704,            0.084587,            0.024919,             0.95992,             0.83484,             0.88525,             0.75682,            0.044229,            0.059215,            0.019133,           0.0059806,           0.0059806,           0.0059806
                 814,            0.053758,            0.084751,            0.024984,             0.96056,             0.83459,             0.88525,             0.75679,            0.044227,            0.059209,            0.019132,           0.0059756,           0.0059756,           0.0059756
                 815,            0.053825,            0.085652,             0.02498,             0.96064,              0.8346,             0.88532,             0.75678,            0.044228,            0.059203,            0.019131,           0.0059707,           0.0059707,           0.0059707
                 816,             0.05365,             0.08456,            0.024848,             0.95996,             0.83502,             0.88535,             0.75685,            0.044224,            0.059186,             0.01913,           0.0059658,           0.0059658,           0.0059658
                 817,            0.053792,            0.084375,            0.024968,             0.96002,             0.83499,             0.88537,             0.75685,            0.044222,            0.059188,            0.019129,           0.0059608,           0.0059608,           0.0059608
                 818,            0.053682,            0.084031,            0.024983,             0.95999,             0.83504,              0.8854,             0.75685,            0.044217,             0.05918,            0.019128,           0.0059559,           0.0059559,           0.0059559
                 819,            0.053589,            0.084426,            0.024806,             0.96011,             0.83506,             0.88537,             0.75695,            0.044216,            0.059175,            0.019127,           0.0059509,           0.0059509,           0.0059509
                 820,            0.053817,            0.084595,            0.024999,             0.95989,             0.83509,             0.88541,             0.75698,            0.044215,            0.059174,            0.019126,            0.005946,            0.005946,            0.005946
                 821,            0.053814,            0.085675,            0.025028,             0.96052,             0.83485,             0.88539,             0.75699,            0.044213,            0.059166,            0.019125,            0.005941,            0.005941,            0.005941
                 822,            0.053786,            0.085474,            0.025005,             0.95983,             0.83524,              0.8854,             0.75699,            0.044215,            0.059172,            0.019125,           0.0059361,           0.0059361,           0.0059361
                 823,            0.053861,            0.086066,             0.02498,             0.96041,             0.83497,             0.88538,             0.75706,            0.044213,            0.059154,            0.019124,           0.0059311,           0.0059311,           0.0059311
                 824,            0.053706,            0.084488,            0.024892,             0.96041,             0.83501,             0.88535,             0.75702,            0.044213,            0.059173,            0.019124,           0.0059261,           0.0059261,           0.0059261
                 825,             0.05359,            0.084585,            0.024801,             0.96032,             0.83502,             0.88539,             0.75701,            0.044211,            0.059157,            0.019123,           0.0059212,           0.0059212,           0.0059212
                 826,            0.053884,            0.084683,            0.025039,             0.96023,             0.83503,             0.88533,             0.75698,            0.044211,            0.059149,            0.019123,           0.0059163,           0.0059163,           0.0059163
                 827,            0.053854,             0.08455,            0.025017,             0.96029,             0.83505,             0.88533,             0.75706,             0.04421,             0.05914,            0.019122,           0.0059113,           0.0059113,           0.0059113
                 828,            0.053541,            0.084035,            0.024825,             0.95984,             0.83542,             0.88539,             0.75716,            0.044207,            0.059115,            0.019121,           0.0059064,           0.0059064,           0.0059064
                 829,            0.053635,            0.083897,            0.024878,             0.95977,             0.83544,             0.88541,             0.75717,            0.044202,            0.059092,            0.019119,           0.0059014,           0.0059014,           0.0059014
                 830,            0.053745,            0.085309,            0.024949,              0.9598,             0.83543,             0.88546,             0.75722,            0.044198,            0.059091,            0.019119,           0.0058965,           0.0058965,           0.0058965
                 831,            0.053605,            0.083721,            0.024838,             0.95983,             0.83544,             0.88545,             0.75722,            0.044196,            0.059076,            0.019119,           0.0058915,           0.0058915,           0.0058915
                 832,             0.05368,            0.084874,            0.025031,             0.96043,             0.83511,             0.88547,             0.75724,             0.04419,            0.059066,            0.019118,           0.0058866,           0.0058866,           0.0058866
                 833,             0.05384,            0.084928,            0.025025,             0.95975,             0.83564,             0.88552,             0.75729,            0.044187,             0.05905,            0.019117,           0.0058816,           0.0058816,           0.0058816
                 834,            0.053662,            0.084585,            0.024904,             0.96045,             0.83536,             0.88555,             0.75734,            0.044185,            0.059042,            0.019115,           0.0058766,           0.0058766,           0.0058766
                 835,            0.053718,            0.084048,            0.024938,             0.96022,             0.83542,             0.88557,             0.75736,            0.044182,            0.059027,            0.019115,           0.0058717,           0.0058717,           0.0058717
                 836,            0.053693,            0.084531,            0.024961,             0.96026,             0.83546,             0.88558,              0.7574,             0.04418,            0.059031,            0.019114,           0.0058668,           0.0058668,           0.0058668
                 837,            0.053671,            0.084118,            0.024827,             0.96006,             0.83554,             0.88559,             0.75739,            0.044177,            0.059021,            0.019113,           0.0058618,           0.0058618,           0.0058618
                 838,            0.053525,            0.084556,            0.024828,              0.9601,             0.83545,             0.88559,             0.75747,            0.044175,            0.059005,            0.019113,           0.0058569,           0.0058569,           0.0058569
                 839,            0.053609,            0.084287,            0.024827,             0.96005,             0.83541,             0.88561,              0.7575,            0.044174,            0.059003,            0.019112,           0.0058519,           0.0058519,           0.0058519
                 840,            0.053598,            0.084162,             0.02484,             0.95997,             0.83548,             0.88557,             0.75748,            0.044174,            0.059003,            0.019112,            0.005847,            0.005847,            0.005847
                 841,             0.05367,            0.084965,            0.024988,                0.96,             0.83552,             0.88558,             0.75753,            0.044174,            0.058987,            0.019111,            0.005842,            0.005842,            0.005842
                 842,            0.053689,            0.085088,            0.024907,             0.96053,             0.83527,             0.88557,             0.75754,            0.044173,            0.058981,            0.019111,           0.0058371,           0.0058371,           0.0058371
                 843,            0.053604,            0.084814,            0.024865,              0.9605,             0.83529,             0.88559,             0.75767,            0.044173,            0.058971,             0.01911,           0.0058321,           0.0058321,           0.0058321
                 844,            0.053649,            0.084729,            0.024909,             0.96031,             0.83533,             0.88557,              0.7577,            0.044173,             0.05896,            0.019109,           0.0058271,           0.0058271,           0.0058271
                 845,            0.053588,            0.083903,            0.024801,             0.96028,             0.83537,             0.88556,             0.75771,            0.044171,            0.058937,            0.019108,           0.0058222,           0.0058222,           0.0058222
                 846,            0.053626,            0.084658,            0.024872,             0.96049,             0.83543,             0.88554,             0.75776,            0.044171,            0.058926,            0.019108,           0.0058173,           0.0058173,           0.0058173
                 847,            0.053608,            0.084791,             0.02492,             0.96053,             0.83543,             0.88551,              0.7578,             0.04417,            0.058922,            0.019107,           0.0058123,           0.0058123,           0.0058123
                 848,             0.05356,            0.084369,            0.024836,              0.9609,             0.83512,             0.88555,             0.75789,            0.044169,            0.058912,            0.019106,           0.0058074,           0.0058074,           0.0058074
                 849,            0.053581,            0.084716,            0.024836,             0.96098,             0.83526,             0.88554,             0.75788,            0.044168,            0.058916,            0.019105,           0.0058024,           0.0058024,           0.0058024
                 850,            0.053564,            0.083732,            0.024825,             0.96094,              0.8353,             0.88555,             0.75793,            0.044168,            0.058903,            0.019105,           0.0057975,           0.0057975,           0.0057975
                 851,            0.053526,            0.083779,            0.024822,             0.96108,             0.83522,             0.88559,             0.75791,            0.044166,              0.0589,            0.019104,           0.0057925,           0.0057925,           0.0057925
                 852,            0.053588,             0.08436,            0.024834,             0.96124,             0.83516,             0.88564,             0.75794,            0.044166,            0.058906,            0.019103,           0.0057876,           0.0057876,           0.0057876
                 853,            0.053642,            0.084572,            0.024899,             0.96117,             0.83518,             0.88566,             0.75796,            0.044164,            0.058893,            0.019103,           0.0057826,           0.0057826,           0.0057826
                 854,            0.053641,            0.083877,            0.024917,             0.96103,             0.83529,             0.88562,             0.75803,            0.044164,            0.058878,            0.019102,           0.0057776,           0.0057776,           0.0057776
                 855,            0.053763,            0.083451,            0.024991,             0.96091,             0.83535,             0.88561,             0.75795,            0.044164,            0.058871,            0.019101,           0.0057727,           0.0057727,           0.0057727
                 856,            0.053455,            0.083765,             0.02477,             0.96138,             0.83502,             0.88563,             0.75798,            0.044162,            0.058849,            0.019101,           0.0057678,           0.0057678,           0.0057678
                 857,             0.05342,            0.083733,            0.024749,             0.96082,             0.83536,              0.8856,              0.7579,            0.044159,            0.058836,              0.0191,           0.0057628,           0.0057628,           0.0057628
                 858,            0.053439,            0.083829,            0.024753,             0.96137,             0.83501,             0.88564,             0.75798,            0.044156,            0.058824,              0.0191,           0.0057579,           0.0057579,           0.0057579
                 859,             0.05355,            0.084129,            0.024833,             0.96114,             0.83519,             0.88567,             0.75808,            0.044155,            0.058816,            0.019099,           0.0057529,           0.0057529,           0.0057529
                 860,             0.05358,            0.083661,            0.024865,             0.96097,             0.83532,             0.88565,             0.75811,            0.044155,            0.058801,            0.019098,            0.005748,            0.005748,            0.005748
                 861,            0.053704,            0.085101,            0.025045,              0.9609,             0.83536,             0.88559,             0.75815,            0.044152,            0.058791,            0.019097,            0.005743,            0.005743,            0.005743
                 862,            0.053646,            0.084112,            0.024958,             0.96097,             0.83537,             0.88561,             0.75825,            0.044149,            0.058781,            0.019096,           0.0057381,           0.0057381,           0.0057381
                 863,            0.053483,            0.084664,            0.024837,             0.96088,             0.83537,             0.88559,             0.75814,            0.044149,             0.05879,            0.019096,           0.0057331,           0.0057331,           0.0057331
                 864,            0.053719,            0.084512,            0.024869,             0.96095,             0.83537,              0.8856,              0.7582,            0.044148,            0.058783,            0.019095,           0.0057281,           0.0057281,           0.0057281
                 865,            0.053466,            0.084074,            0.024825,             0.96102,             0.83532,             0.88558,             0.75825,            0.044145,            0.058767,            0.019094,           0.0057232,           0.0057232,           0.0057232
                 866,             0.05376,            0.084388,            0.025004,             0.96093,             0.83532,             0.88561,             0.75823,            0.044145,            0.058771,            0.019094,           0.0057183,           0.0057183,           0.0057183
                 867,            0.053514,            0.084033,            0.024787,             0.96107,             0.83533,             0.88558,             0.75824,            0.044145,            0.058763,            0.019094,           0.0057133,           0.0057133,           0.0057133
                 868,            0.053591,            0.084784,            0.024883,             0.96097,             0.83533,             0.88556,             0.75826,            0.044144,            0.058764,            0.019094,           0.0057084,           0.0057084,           0.0057084
                 869,            0.053612,            0.084086,            0.024829,             0.96089,             0.83536,             0.88558,             0.75821,            0.044141,            0.058767,            0.019094,           0.0057034,           0.0057034,           0.0057034
                 870,            0.053654,            0.084276,            0.024962,             0.96089,             0.83538,             0.88561,             0.75823,            0.044138,            0.058754,            0.019093,           0.0056985,           0.0056985,           0.0056985
                 871,            0.053601,            0.084108,            0.024837,              0.9615,              0.8351,             0.88562,             0.75825,            0.044139,            0.058758,            0.019092,           0.0056935,           0.0056935,           0.0056935
                 872,            0.053567,            0.084292,              0.0249,             0.96143,             0.83506,             0.88562,             0.75828,            0.044139,             0.05877,            0.019092,           0.0056885,           0.0056885,           0.0056885
                 873,            0.053529,            0.084414,            0.024877,             0.96138,             0.83502,             0.88563,             0.75833,            0.044137,            0.058764,            0.019092,           0.0056836,           0.0056836,           0.0056836
                 874,            0.053525,            0.084188,             0.02488,             0.96128,             0.83514,             0.88561,             0.75832,            0.044137,            0.058777,            0.019091,           0.0056786,           0.0056786,           0.0056786
                 875,            0.053446,            0.084282,            0.024764,             0.96119,             0.83517,             0.88561,             0.75832,            0.044136,             0.05876,            0.019091,           0.0056737,           0.0056737,           0.0056737
                 876,            0.053522,            0.084838,            0.024853,             0.96131,             0.83521,             0.88563,             0.75838,            0.044133,            0.058754,             0.01909,           0.0056688,           0.0056688,           0.0056688
                 877,            0.053554,            0.084626,            0.024754,             0.96126,             0.83521,             0.88565,             0.75832,             0.04413,            0.058743,             0.01909,           0.0056638,           0.0056638,           0.0056638
                 878,            0.053519,            0.084571,            0.024905,             0.96119,             0.83521,             0.88568,             0.75835,            0.044126,            0.058726,             0.01909,           0.0056588,           0.0056588,           0.0056588
                 879,             0.05363,            0.083924,            0.024943,             0.96119,             0.83522,             0.88569,             0.75839,            0.044125,            0.058714,            0.019088,           0.0056539,           0.0056539,           0.0056539
                 880,            0.053549,            0.084498,            0.024843,             0.96112,              0.8353,              0.8857,             0.75842,            0.044125,            0.058722,            0.019088,            0.005649,            0.005649,            0.005649
                 881,            0.053351,            0.083967,            0.024709,              0.9616,             0.83495,              0.8857,             0.75847,            0.044123,            0.058723,            0.019088,            0.005644,            0.005644,            0.005644
                 882,            0.053474,            0.083668,            0.024828,             0.96156,             0.83492,             0.88572,             0.75841,            0.044123,            0.058724,            0.019087,            0.005639,            0.005639,            0.005639
                 883,            0.053443,            0.084612,            0.024717,             0.96115,             0.83515,             0.88575,             0.75836,            0.044123,             0.05872,            0.019086,           0.0056341,           0.0056341,           0.0056341
                 884,            0.053525,              0.0838,            0.024889,             0.96165,             0.83483,             0.88573,             0.75839,            0.044122,            0.058708,            0.019085,           0.0056292,           0.0056292,           0.0056292
                 885,            0.053618,            0.084069,            0.024886,             0.96172,             0.83491,             0.88572,             0.75834,            0.044119,            0.058702,            0.019085,           0.0056242,           0.0056242,           0.0056242
                 886,             0.05371,            0.084247,            0.024925,             0.96165,               0.835,             0.88575,             0.75847,            0.044116,            0.058697,            0.019085,           0.0056193,           0.0056193,           0.0056193
                 887,            0.053413,              0.0834,            0.024757,             0.96224,             0.83465,             0.88572,             0.75851,            0.044117,            0.058689,            0.019084,           0.0056143,           0.0056143,           0.0056143
                 888,            0.053484,            0.083602,            0.024863,             0.96217,             0.83463,             0.88571,             0.75851,            0.044117,            0.058682,            0.019083,           0.0056093,           0.0056093,           0.0056093
                 889,            0.053645,            0.085509,            0.024934,             0.96208,             0.83469,             0.88572,             0.75855,            0.044117,            0.058684,            0.019082,           0.0056044,           0.0056044,           0.0056044
                 890,            0.053445,            0.084271,            0.024776,             0.96208,             0.83466,              0.8857,              0.7585,            0.044119,            0.058701,            0.019081,           0.0055995,           0.0055995,           0.0055995
                 891,            0.053533,            0.083199,            0.024796,              0.9616,             0.83493,             0.88573,              0.7585,            0.044117,            0.058696,             0.01908,           0.0055945,           0.0055945,           0.0055945
                 892,            0.053459,            0.083626,            0.024829,             0.96216,             0.83468,             0.88577,              0.7585,            0.044116,            0.058691,             0.01908,           0.0055895,           0.0055895,           0.0055895
                 893,            0.053532,            0.083786,              0.0248,             0.96207,             0.83475,             0.88572,             0.75853,            0.044115,            0.058681,            0.019079,           0.0055846,           0.0055846,           0.0055846
                 894,             0.05343,            0.084418,            0.024765,              0.9619,             0.83483,             0.88573,             0.75855,            0.044112,            0.058675,            0.019078,           0.0055797,           0.0055797,           0.0055797
                 895,            0.053398,            0.083999,             0.02481,             0.96191,             0.83488,             0.88573,             0.75854,            0.044112,             0.05867,            0.019078,           0.0055747,           0.0055747,           0.0055747
                 896,            0.053632,             0.08436,            0.024942,             0.96186,             0.83497,             0.88571,             0.75858,            0.044111,            0.058664,            0.019077,           0.0055698,           0.0055698,           0.0055698
                 897,            0.053484,            0.083746,            0.024812,             0.96189,             0.83493,             0.88576,             0.75863,            0.044108,            0.058657,            0.019076,           0.0055648,           0.0055648,           0.0055648
                 898,            0.053533,            0.084709,             0.02489,              0.9623,             0.83468,             0.88576,             0.75862,            0.044107,             0.05865,            0.019074,           0.0055598,           0.0055598,           0.0055598
                 899,            0.053555,            0.083365,            0.024894,             0.96225,             0.83477,             0.88572,             0.75864,            0.044105,            0.058645,            0.019074,           0.0055549,           0.0055549,           0.0055549
                 900,            0.053627,             0.08425,            0.024976,             0.96218,             0.83482,             0.88573,             0.75863,            0.044101,             0.05865,            0.019073,             0.00555,             0.00555,             0.00555
                 901,            0.053581,             0.08418,            0.024816,             0.96219,             0.83483,             0.88564,             0.75868,            0.044101,            0.058648,            0.019073,            0.005545,            0.005545,            0.005545
                 902,            0.053405,            0.083735,            0.024774,             0.96225,             0.83474,             0.88565,             0.75875,            0.044097,            0.058632,            0.019073,             0.00554,             0.00554,             0.00554
                 903,            0.053566,            0.084201,            0.024943,              0.9621,             0.83474,             0.88567,             0.75881,            0.044095,            0.058629,            0.019072,           0.0055351,           0.0055351,           0.0055351
                 904,            0.053532,            0.084215,            0.024844,             0.96256,             0.83451,             0.88567,             0.75891,            0.044092,            0.058615,            0.019072,           0.0055302,           0.0055302,           0.0055302
                 905,            0.053506,            0.084326,            0.024817,             0.96262,             0.83447,             0.88562,             0.75903,             0.04409,            0.058621,            0.019074,           0.0055252,           0.0055252,           0.0055252
                 906,            0.053414,            0.083268,            0.024762,             0.96262,             0.83453,             0.88562,             0.75911,            0.044087,            0.058604,            0.019074,           0.0055202,           0.0055202,           0.0055202
                 907,            0.053567,             0.08393,            0.024843,             0.96262,             0.83456,              0.8856,             0.75914,            0.044082,            0.058597,            0.019073,           0.0055153,           0.0055153,           0.0055153
                 908,            0.053504,            0.084184,            0.024787,             0.96319,             0.83422,              0.8856,             0.75926,            0.044081,            0.058606,            0.019073,           0.0055103,           0.0055103,           0.0055103
                 909,            0.053457,             0.08359,             0.02481,             0.96326,             0.83425,             0.88561,             0.75929,            0.044079,            0.058588,            0.019072,           0.0055054,           0.0055054,           0.0055054
                 910,            0.053489,            0.083459,            0.024832,             0.96314,             0.83425,             0.88563,             0.75936,            0.044075,             0.05859,            0.019072,           0.0055005,           0.0055005,           0.0055005
                 911,              0.0534,            0.083818,            0.024859,             0.96311,             0.83429,             0.88564,             0.75938,            0.044073,            0.058576,            0.019071,           0.0054955,           0.0054955,           0.0054955
                 912,            0.053355,            0.083292,            0.024791,             0.96308,             0.83427,             0.88564,             0.75944,             0.04407,            0.058568,             0.01907,           0.0054905,           0.0054905,           0.0054905
                 913,            0.053604,             0.08502,            0.024875,             0.96256,             0.83459,             0.88561,             0.75952,            0.044066,            0.058542,             0.01907,           0.0054856,           0.0054856,           0.0054856
                 914,            0.053413,            0.083563,             0.02478,             0.96269,             0.83458,             0.88561,             0.75961,            0.044064,             0.05854,            0.019069,           0.0054807,           0.0054807,           0.0054807
                 915,             0.05355,            0.084318,            0.024868,             0.96266,             0.83458,             0.88558,             0.75967,            0.044063,            0.058551,            0.019069,           0.0054757,           0.0054757,           0.0054757
                 916,            0.053393,             0.08321,            0.024756,             0.96272,             0.83453,             0.88556,             0.75969,            0.044064,            0.058548,            0.019068,           0.0054707,           0.0054707,           0.0054707
                 917,            0.053392,            0.083276,            0.024766,             0.96328,             0.83427,             0.88557,             0.75966,            0.044064,            0.058544,            0.019068,           0.0054658,           0.0054658,           0.0054658
                 918,            0.053505,            0.083548,            0.024879,             0.96316,             0.83431,             0.88559,             0.75972,            0.044059,            0.058526,            0.019067,           0.0054608,           0.0054608,           0.0054608
                 919,            0.053433,            0.083266,            0.024797,              0.9632,             0.83436,             0.88562,             0.75972,            0.044057,            0.058519,            0.019067,           0.0054559,           0.0054559,           0.0054559
                 920,            0.053146,            0.082766,            0.024602,             0.96316,             0.83436,             0.88562,             0.75967,            0.044056,            0.058513,            0.019066,            0.005451,            0.005451,            0.005451
                 921,            0.053385,             0.08381,            0.024777,             0.96304,             0.83436,             0.88558,             0.75972,            0.044054,            0.058513,            0.019067,            0.005446,            0.005446,            0.005446
                 922,            0.053461,            0.083627,            0.024812,             0.96263,             0.83467,             0.88557,             0.75968,            0.044055,            0.058509,            0.019066,            0.005441,            0.005441,            0.005441
                 923,            0.053407,            0.084227,            0.024879,              0.9628,             0.83432,              0.8855,              0.7597,            0.044054,             0.05849,            0.019065,           0.0054361,           0.0054361,           0.0054361
                 924,            0.053471,            0.084071,            0.024882,             0.96283,             0.83437,             0.88549,             0.75965,            0.044053,             0.05847,            0.019064,           0.0054312,           0.0054312,           0.0054312
                 925,            0.053562,            0.084527,            0.024857,             0.96278,             0.83446,             0.88549,              0.7596,            0.044053,            0.058472,            0.019064,           0.0054262,           0.0054262,           0.0054262
                 926,            0.053552,            0.083994,            0.024821,             0.96217,             0.83474,             0.88553,             0.75952,            0.044055,            0.058475,            0.019063,           0.0054212,           0.0054212,           0.0054212
                 927,            0.053406,            0.083698,            0.024755,             0.96269,             0.83451,             0.88555,             0.75958,            0.044055,            0.058468,            0.019063,           0.0054163,           0.0054163,           0.0054163
                 928,            0.053226,             0.08358,            0.024662,             0.96211,             0.83478,             0.88556,             0.75963,            0.044048,             0.05843,            0.019062,           0.0054114,           0.0054114,           0.0054114
                 929,            0.053217,             0.08225,            0.024729,               0.962,             0.83478,             0.88557,             0.75967,            0.044043,            0.058422,            0.019062,           0.0054064,           0.0054064,           0.0054064
                 930,            0.053324,            0.083407,            0.024751,             0.96263,             0.83461,             0.88557,             0.75973,            0.044037,            0.058399,            0.019061,           0.0054015,           0.0054015,           0.0054015
                 931,            0.053391,            0.083284,            0.024843,             0.96212,             0.83486,             0.88557,             0.75981,            0.044034,            0.058394,            0.019061,           0.0053965,           0.0053965,           0.0053965
                 932,            0.053571,            0.084502,            0.024927,               0.962,             0.83486,             0.88558,             0.75979,             0.04403,            0.058385,            0.019061,           0.0053915,           0.0053915,           0.0053915
                 933,            0.053272,            0.083936,            0.024705,             0.96208,             0.83489,             0.88561,             0.75987,            0.044027,            0.058391,             0.01906,           0.0053866,           0.0053866,           0.0053866
                 934,             0.05356,            0.084216,            0.024898,             0.96201,             0.83494,             0.88565,              0.7599,            0.044025,            0.058376,             0.01906,           0.0053816,           0.0053816,           0.0053816
                 935,            0.053248,            0.083633,            0.024766,             0.96201,             0.83488,             0.88564,             0.75984,            0.044026,            0.058388,            0.019059,           0.0053767,           0.0053767,           0.0053767
                 936,            0.053454,            0.084275,            0.024836,             0.96199,             0.83481,             0.88565,             0.75984,            0.044022,            0.058367,            0.019058,           0.0053717,           0.0053717,           0.0053717
                 937,             0.05338,            0.083356,            0.024777,             0.96207,             0.83481,             0.88565,             0.75987,             0.04402,            0.058359,            0.019057,           0.0053668,           0.0053668,           0.0053668
                 938,            0.053324,            0.083721,            0.024709,             0.96207,             0.83483,             0.88565,             0.75984,             0.04402,            0.058341,            0.019057,           0.0053619,           0.0053619,           0.0053619
                 939,            0.053389,            0.082978,             0.02473,             0.96245,             0.83453,             0.88566,             0.75986,            0.044017,            0.058322,            0.019056,           0.0053569,           0.0053569,           0.0053569
                 940,            0.053403,            0.083796,            0.024792,             0.96242,             0.83464,             0.88571,             0.75982,            0.044017,            0.058312,            0.019055,            0.005352,            0.005352,            0.005352
                 941,            0.053383,            0.083999,            0.024786,             0.96246,             0.83468,             0.88578,             0.75987,            0.044014,            0.058308,            0.019055,            0.005347,            0.005347,            0.005347
                 942,            0.053367,            0.083231,             0.02479,              0.9625,              0.8347,             0.88578,             0.75987,            0.044012,            0.058289,            0.019055,           0.0053421,           0.0053421,           0.0053421
                 943,            0.053376,            0.083009,            0.024865,              0.9625,              0.8347,             0.88577,             0.75986,            0.044012,            0.058291,            0.019055,           0.0053371,           0.0053371,           0.0053371
                 944,            0.053369,            0.084081,            0.024767,             0.96245,             0.83466,             0.88577,             0.75979,            0.044009,            0.058277,            0.019055,           0.0053321,           0.0053321,           0.0053321
                 945,             0.05341,            0.083311,             0.02475,             0.96228,             0.83473,             0.88575,             0.75979,            0.044009,            0.058275,            0.019054,           0.0053272,           0.0053272,           0.0053272
                 946,            0.053253,            0.083709,             0.02471,              0.9623,             0.83473,             0.88579,             0.75975,             0.04401,             0.05828,            0.019053,           0.0053223,           0.0053223,           0.0053223
                 947,            0.053361,            0.083999,            0.024711,             0.96176,             0.83509,             0.88581,             0.75977,            0.044009,            0.058273,            0.019052,           0.0053173,           0.0053173,           0.0053173
                 948,            0.053181,            0.082641,              0.0247,             0.96163,             0.83509,             0.88581,              0.7598,            0.044009,            0.058258,            0.019051,           0.0053124,           0.0053124,           0.0053124
                 949,            0.053168,            0.082847,            0.024699,             0.96159,             0.83509,             0.88582,             0.75986,            0.044007,             0.05826,            0.019051,           0.0053074,           0.0053074,           0.0053074
                 950,            0.053465,            0.083254,            0.024828,              0.9614,             0.83521,             0.88581,             0.75995,            0.044004,            0.058248,             0.01905,           0.0053025,           0.0053025,           0.0053025
                 951,            0.053334,            0.082586,            0.024777,             0.96131,             0.83522,             0.88581,             0.75989,            0.044004,            0.058254,             0.01905,           0.0052975,           0.0052975,           0.0052975
                 952,            0.053192,            0.083081,             0.02469,             0.96123,             0.83524,             0.88578,             0.75993,            0.044002,            0.058242,             0.01905,           0.0052925,           0.0052925,           0.0052925
                 953,            0.053177,             0.08353,            0.024673,             0.96133,             0.83525,             0.88579,             0.75996,            0.044001,             0.05824,            0.019049,           0.0052876,           0.0052876,           0.0052876
                 954,            0.053405,            0.083427,            0.024815,              0.9612,             0.83526,             0.88577,             0.75996,            0.044003,            0.058233,            0.019049,           0.0052827,           0.0052827,           0.0052827
                 955,            0.053428,            0.083811,            0.024831,             0.96167,             0.83496,             0.88575,              0.7601,            0.043997,             0.05824,            0.019048,           0.0052777,           0.0052777,           0.0052777
                 956,             0.05346,            0.083555,            0.024885,             0.96123,             0.83535,             0.88572,             0.76005,            0.043995,             0.05823,            0.019047,           0.0052727,           0.0052727,           0.0052727
                 957,            0.053541,            0.083575,            0.024845,             0.96133,             0.83536,             0.88576,             0.76016,            0.043994,            0.058221,            0.019047,           0.0052678,           0.0052678,           0.0052678
                 958,            0.053244,            0.083511,            0.024716,             0.96131,             0.83532,             0.88575,             0.76025,            0.043991,            0.058208,            0.019046,           0.0052629,           0.0052629,           0.0052629
                 959,            0.053146,            0.083731,            0.024627,             0.96134,             0.83536,             0.88575,             0.76029,            0.043988,            0.058193,            0.019046,           0.0052579,           0.0052579,           0.0052579
                 960,            0.053376,            0.083364,            0.024783,             0.96142,             0.83538,             0.88577,             0.76041,            0.043989,            0.058202,            0.019045,           0.0052529,           0.0052529,           0.0052529
                 961,            0.053318,            0.083232,            0.024808,             0.96139,             0.83542,             0.88576,             0.76025,            0.043989,              0.0582,            0.019045,            0.005248,            0.005248,            0.005248
                 962,            0.053287,            0.083078,            0.024732,             0.96137,              0.8354,             0.88578,             0.76035,            0.043988,            0.058177,            0.019044,            0.005243,            0.005243,            0.005243
                 963,            0.053382,            0.083622,            0.024829,              0.9614,             0.83529,             0.88577,             0.76037,            0.043988,            0.058184,            0.019043,           0.0052381,           0.0052381,           0.0052381
                 964,             0.05339,            0.083593,            0.024902,             0.96191,             0.83514,              0.8858,             0.76031,            0.043984,            0.058191,            0.019042,           0.0052331,           0.0052331,           0.0052331
                 965,            0.053411,            0.083574,            0.024779,             0.96188,              0.8351,             0.88578,             0.76039,             0.04398,            0.058195,            0.019042,           0.0052282,           0.0052282,           0.0052282
                 966,            0.053278,            0.082738,            0.024728,             0.96191,             0.83512,             0.88578,             0.76049,             0.04398,            0.058197,            0.019042,           0.0052233,           0.0052233,           0.0052233
                 967,            0.053359,            0.083544,            0.024832,              0.9619,             0.83508,             0.88581,             0.76043,            0.043981,            0.058198,             0.01904,           0.0052183,           0.0052183,           0.0052183
                 968,            0.053348,            0.083822,            0.024777,             0.96201,             0.83521,             0.88581,             0.76043,             0.04398,            0.058192,             0.01904,           0.0052134,           0.0052134,           0.0052134
                 969,            0.053383,            0.082774,              0.0248,             0.96258,             0.83487,              0.8858,             0.76044,            0.043977,            0.058185,             0.01904,           0.0052084,           0.0052084,           0.0052084
                 970,            0.053346,            0.082942,            0.024795,             0.96262,             0.83486,             0.88577,             0.76048,            0.043973,            0.058163,            0.019039,           0.0052035,           0.0052035,           0.0052035
                 971,            0.053322,            0.083238,            0.024757,             0.96259,             0.83485,             0.88577,             0.76054,             0.04397,            0.058136,            0.019039,           0.0051985,           0.0051985,           0.0051985
                 972,            0.053065,            0.082634,            0.024599,             0.96258,             0.83488,             0.88583,             0.76061,            0.043967,            0.058137,            0.019039,           0.0051935,           0.0051935,           0.0051935
                 973,            0.053178,            0.082772,            0.024732,             0.96251,             0.83503,             0.88584,             0.76059,            0.043962,            0.058126,            0.019038,           0.0051886,           0.0051886,           0.0051886
                 974,            0.053229,            0.083247,            0.024666,             0.96254,             0.83511,              0.8858,             0.76059,            0.043962,            0.058119,            0.019038,           0.0051837,           0.0051837,           0.0051837
                 975,            0.053192,            0.082945,            0.024727,             0.96303,             0.83481,             0.88587,             0.76056,            0.043961,            0.058097,            0.019037,           0.0051787,           0.0051787,           0.0051787
                 976,            0.053276,            0.083581,              0.0248,             0.96243,              0.8351,             0.88585,             0.76051,             0.04396,            0.058115,            0.019036,           0.0051737,           0.0051737,           0.0051737
                 977,            0.053218,            0.082507,            0.024692,             0.96293,              0.8349,             0.88588,             0.76047,            0.043957,            0.058099,            0.019036,           0.0051688,           0.0051688,           0.0051688
                 978,             0.05322,            0.083033,            0.024685,             0.96304,             0.83487,              0.8859,             0.76049,            0.043954,            0.058097,            0.019036,           0.0051639,           0.0051639,           0.0051639
                 979,            0.053183,            0.082928,            0.024702,             0.96301,             0.83493,             0.88591,             0.76044,            0.043954,            0.058112,            0.019035,           0.0051589,           0.0051589,           0.0051589
                 980,            0.053305,            0.083353,            0.024822,             0.96296,             0.83493,             0.88595,             0.76052,            0.043952,            0.058094,            0.019035,           0.0051539,           0.0051539,           0.0051539
                 981,            0.053381,            0.083491,            0.024812,             0.96296,             0.83488,             0.88591,             0.76056,             0.04395,            0.058089,            0.019034,            0.005149,            0.005149,            0.005149
                 982,            0.053362,            0.083564,            0.024783,             0.96306,             0.83494,             0.88596,             0.76058,            0.043948,            0.058077,            0.019033,           0.0051441,           0.0051441,           0.0051441
                 983,            0.053256,            0.082995,            0.024732,             0.96301,             0.83497,             0.88596,             0.76055,            0.043946,            0.058085,            0.019033,           0.0051391,           0.0051391,           0.0051391
                 984,             0.05327,            0.083357,            0.024778,             0.96303,             0.83495,             0.88597,             0.76055,            0.043947,            0.058105,            0.019033,           0.0051341,           0.0051341,           0.0051341
                 985,            0.053367,            0.083457,            0.024852,             0.96299,             0.83502,             0.88598,             0.76058,            0.043946,            0.058083,            0.019032,           0.0051292,           0.0051292,           0.0051292
                 986,            0.053216,            0.083373,            0.024665,             0.96301,             0.83505,             0.88598,             0.76054,            0.043944,            0.058083,            0.019031,           0.0051243,           0.0051243,           0.0051243
                 987,            0.053371,            0.083314,            0.024743,             0.96295,             0.83499,             0.88599,             0.76054,            0.043943,            0.058076,            0.019031,           0.0051193,           0.0051193,           0.0051193
                 988,             0.05326,            0.082954,            0.024836,             0.96297,             0.83503,             0.88601,             0.76059,            0.043939,            0.058057,             0.01903,           0.0051144,           0.0051144,           0.0051144
                 989,            0.053077,            0.082061,            0.024604,             0.96303,               0.835,             0.88603,             0.76066,            0.043939,            0.058061,             0.01903,           0.0051094,           0.0051094,           0.0051094
                 990,            0.053118,            0.082081,            0.024678,             0.96296,             0.83506,             0.88602,              0.7606,            0.043943,            0.058071,            0.019029,           0.0051045,           0.0051045,           0.0051045
                 991,            0.053252,            0.083464,            0.024678,             0.96294,             0.83503,             0.88601,             0.76065,            0.043941,            0.058047,            0.019029,           0.0050995,           0.0050995,           0.0050995
                 992,             0.05333,            0.082788,            0.024735,             0.96297,             0.83507,               0.886,             0.76066,            0.043942,             0.05807,            0.019029,           0.0050945,           0.0050945,           0.0050945
                 993,            0.053111,            0.082316,            0.024644,             0.96282,             0.83507,             0.88603,             0.76074,             0.04394,             0.05806,            0.019028,           0.0050896,           0.0050896,           0.0050896
                 994,            0.053184,            0.083256,            0.024703,             0.96274,              0.8351,             0.88601,             0.76064,            0.043942,            0.058062,            0.019027,           0.0050847,           0.0050847,           0.0050847
                 995,            0.053198,            0.083116,            0.024698,             0.96275,              0.8352,             0.88605,             0.76075,            0.043944,            0.058066,            0.019027,           0.0050797,           0.0050797,           0.0050797
                 996,            0.053174,            0.083028,            0.024653,             0.96269,             0.83513,             0.88604,             0.76081,            0.043945,            0.058057,            0.019026,           0.0050747,           0.0050747,           0.0050747
                 997,            0.053055,            0.082012,            0.024668,             0.96258,             0.83521,             0.88605,              0.7609,            0.043942,            0.058045,            0.019026,           0.0050698,           0.0050698,           0.0050698
                 998,            0.053234,            0.083778,            0.024704,             0.96262,             0.83528,             0.88603,             0.76093,            0.043943,            0.058053,            0.019025,           0.0050649,           0.0050649,           0.0050649
                 999,            0.053016,            0.083268,            0.024552,             0.96263,             0.83516,             0.88599,             0.76103,             0.04394,            0.058046,            0.019024,           0.0050599,           0.0050599,           0.0050599
                1000,            0.053045,            0.082276,            0.024662,             0.96277,             0.83516,             0.88603,             0.76112,            0.043936,            0.058039,            0.019023,           0.0050549,           0.0050549,           0.0050549
                1001,            0.053189,            0.082325,             0.02477,             0.96263,             0.83528,             0.88609,             0.76111,            0.043934,            0.058035,            0.019022,             0.00505,             0.00505,             0.00505
                1002,            0.053212,            0.082742,            0.024674,             0.96256,             0.83525,             0.88605,             0.76112,            0.043935,            0.058027,            0.019022,            0.005045,            0.005045,            0.005045
                1003,            0.053147,            0.082451,            0.024677,             0.96253,             0.83535,             0.88607,             0.76112,            0.043934,            0.058041,            0.019021,           0.0050401,           0.0050401,           0.0050401
                1004,            0.053289,            0.083363,              0.0248,             0.96247,              0.8354,             0.88607,             0.76107,            0.043935,            0.058024,             0.01902,           0.0050352,           0.0050352,           0.0050352
                1005,            0.053076,            0.082569,            0.024605,             0.96257,             0.83546,             0.88609,             0.76108,            0.043934,            0.058015,             0.01902,           0.0050302,           0.0050302,           0.0050302
                1006,            0.053073,            0.082481,            0.024609,             0.96252,             0.83552,             0.88609,              0.7611,            0.043932,            0.058015,            0.019019,           0.0050253,           0.0050253,           0.0050253
                1007,            0.053182,            0.082759,            0.024695,             0.96244,             0.83557,             0.88607,             0.76114,            0.043932,             0.05799,            0.019019,           0.0050203,           0.0050203,           0.0050203
                1008,            0.053169,            0.083246,             0.02468,             0.96244,             0.83559,             0.88605,             0.76106,            0.043933,            0.057996,            0.019018,           0.0050154,           0.0050154,           0.0050154
                1009,            0.053189,            0.082786,            0.024675,             0.96237,             0.83557,             0.88607,             0.76111,             0.04393,            0.057984,            0.019018,           0.0050104,           0.0050104,           0.0050104
                1010,            0.053095,            0.082645,            0.024659,             0.96279,              0.8353,             0.88608,             0.76112,            0.043929,            0.057977,            0.019018,           0.0050055,           0.0050055,           0.0050055
                1011,            0.053264,            0.082924,            0.024762,             0.96274,              0.8354,             0.88608,             0.76118,            0.043927,             0.05796,            0.019017,           0.0050005,           0.0050005,           0.0050005
                1012,            0.053014,            0.082588,            0.024646,             0.96278,             0.83541,             0.88616,             0.76097,            0.043931,             0.05797,            0.019016,           0.0049956,           0.0049956,           0.0049956
                1013,             0.05315,             0.08305,            0.024708,             0.96273,             0.83538,             0.88616,             0.76103,            0.043931,            0.057971,            0.019016,           0.0049906,           0.0049906,           0.0049906
                1014,            0.053149,            0.081969,            0.024689,             0.96325,             0.83506,             0.88612,             0.76101,             0.04393,            0.057972,            0.019016,           0.0049857,           0.0049857,           0.0049857
                1015,            0.053135,            0.082476,            0.024613,             0.96331,             0.83508,             0.88614,             0.76102,            0.043931,            0.057974,            0.019015,           0.0049807,           0.0049807,           0.0049807
                1016,            0.053084,            0.082342,            0.024786,             0.96324,             0.83509,             0.88616,             0.76101,            0.043932,            0.057965,            0.019015,           0.0049758,           0.0049758,           0.0049758
                1017,            0.053209,            0.082757,            0.024709,             0.96332,             0.83501,             0.88612,             0.76103,            0.043927,            0.057949,            0.019015,           0.0049708,           0.0049708,           0.0049708
                1018,             0.05318,            0.083117,            0.024737,             0.96337,             0.83505,             0.88611,             0.76115,            0.043926,             0.05795,            0.019014,           0.0049659,           0.0049659,           0.0049659
                1019,            0.053084,            0.083285,            0.024652,             0.96394,             0.83481,             0.88609,             0.76125,            0.043922,             0.05792,            0.019013,           0.0049609,           0.0049609,           0.0049609
                1020,             0.05318,            0.082826,             0.02469,             0.96394,             0.83479,             0.88609,             0.76129,            0.043915,            0.057904,            0.019012,            0.004956,            0.004956,            0.004956
                1021,            0.053289,            0.083649,             0.02471,             0.96391,             0.83483,             0.88605,              0.7613,            0.043916,            0.057924,            0.019012,            0.004951,            0.004951,            0.004951
                1022,            0.053052,            0.082655,            0.024632,             0.96393,             0.83474,             0.88609,             0.76138,            0.043913,            0.057908,            0.019011,           0.0049461,           0.0049461,           0.0049461
                1023,            0.053091,            0.082361,            0.024632,             0.96381,             0.83476,             0.88609,             0.76137,             0.04391,            0.057905,             0.01901,           0.0049411,           0.0049411,           0.0049411
                1024,            0.053096,            0.083777,            0.024683,             0.96379,             0.83477,             0.88607,             0.76138,             0.04391,            0.057893,             0.01901,           0.0049362,           0.0049362,           0.0049362
                1025,            0.053148,            0.082572,            0.024731,             0.96388,              0.8348,             0.88607,             0.76135,            0.043914,            0.057919,            0.019009,           0.0049312,           0.0049312,           0.0049312
                1026,            0.052944,            0.082008,            0.024585,             0.96428,             0.83461,             0.88601,             0.76136,            0.043914,            0.057902,            0.019009,           0.0049263,           0.0049263,           0.0049263
                1027,            0.053091,            0.082153,            0.024707,             0.96434,             0.83461,             0.88606,             0.76137,            0.043916,            0.057917,            0.019008,           0.0049213,           0.0049213,           0.0049213
                1028,            0.053063,            0.082725,            0.024609,             0.96435,             0.83454,             0.88606,              0.7613,            0.043917,            0.057932,            0.019007,           0.0049164,           0.0049164,           0.0049164
                1029,            0.053185,            0.082363,            0.024712,             0.96417,             0.83451,             0.88603,             0.76146,            0.043914,            0.057924,            0.019007,           0.0049114,           0.0049114,           0.0049114
                1030,            0.052984,            0.083251,            0.024526,             0.96412,             0.83454,             0.88604,             0.76149,            0.043911,            0.057908,            0.019006,           0.0049065,           0.0049065,           0.0049065
                1031,            0.053059,            0.082381,            0.024559,             0.96399,              0.8346,             0.88601,             0.76148,            0.043908,            0.057905,            0.019005,           0.0049015,           0.0049015,           0.0049015
                1032,            0.053243,            0.082485,            0.024769,             0.96396,             0.83459,             0.88601,             0.76151,            0.043908,              0.0579,            0.019005,           0.0048966,           0.0048966,           0.0048966
                1033,            0.053067,             0.08279,             0.02464,             0.96389,             0.83468,             0.88604,             0.76155,            0.043905,            0.057882,            0.019005,           0.0048916,           0.0048916,           0.0048916
                1034,            0.052878,             0.08201,            0.024514,             0.96382,             0.83472,             0.88606,             0.76157,            0.043905,            0.057887,            0.019003,           0.0048867,           0.0048867,           0.0048867
                1035,            0.053106,            0.083273,            0.024661,             0.96377,             0.83476,             0.88608,             0.76162,            0.043902,            0.057875,            0.019003,           0.0048817,           0.0048817,           0.0048817
                1036,            0.053156,            0.082668,            0.024656,             0.96365,             0.83482,             0.88606,              0.7616,            0.043903,            0.057883,            0.019003,           0.0048768,           0.0048768,           0.0048768
                1037,             0.05314,            0.081975,            0.024752,             0.96351,              0.8349,             0.88608,             0.76159,            0.043903,            0.057873,            0.019002,           0.0048718,           0.0048718,           0.0048718
                1038,            0.053074,            0.082547,            0.024684,             0.96344,             0.83482,             0.88604,             0.76157,            0.043902,            0.057861,            0.019001,           0.0048669,           0.0048669,           0.0048669
                1039,            0.053085,            0.082723,            0.024694,             0.96357,             0.83484,             0.88605,             0.76161,              0.0439,            0.057855,               0.019,           0.0048619,           0.0048619,           0.0048619
                1040,            0.053134,            0.082671,            0.024711,             0.96345,             0.83479,             0.88609,             0.76159,              0.0439,            0.057836,               0.019,            0.004857,            0.004857,            0.004857
                1041,            0.053192,            0.083961,            0.024703,             0.96346,             0.83479,             0.88605,             0.76174,            0.043896,            0.057828,            0.018999,            0.004852,            0.004852,            0.004852
                1042,            0.052943,            0.082505,            0.024572,             0.96347,             0.83484,             0.88603,             0.76175,            0.043895,            0.057832,            0.018999,           0.0048471,           0.0048471,           0.0048471
                1043,            0.053067,            0.082679,            0.024634,              0.9634,             0.83481,             0.88602,             0.76178,            0.043892,            0.057817,            0.018998,           0.0048421,           0.0048421,           0.0048421
                1044,            0.053017,            0.082586,            0.024582,             0.96286,             0.83511,             0.88601,             0.76174,            0.043891,            0.057824,            0.018997,           0.0048372,           0.0048372,           0.0048372
                1045,            0.053024,            0.082738,            0.024619,             0.96338,             0.83484,               0.886,             0.76177,             0.04389,            0.057814,            0.018997,           0.0048322,           0.0048322,           0.0048322
                1046,            0.052961,            0.081572,            0.024577,             0.96297,             0.83504,             0.88599,             0.76183,            0.043887,            0.057801,            0.018996,           0.0048272,           0.0048272,           0.0048272
                1047,            0.053067,            0.082787,            0.024697,             0.96304,             0.83511,             0.88593,             0.76186,            0.043885,            0.057784,            0.018995,           0.0048223,           0.0048223,           0.0048223
                1048,            0.053097,            0.082368,            0.024703,               0.963,             0.83509,             0.88589,             0.76192,            0.043882,            0.057766,            0.018995,           0.0048174,           0.0048174,           0.0048174
                1049,             0.05308,            0.082245,            0.024599,             0.96296,             0.83513,             0.88591,             0.76201,             0.04388,            0.057753,            0.018994,           0.0048124,           0.0048124,           0.0048124
                1050,            0.052946,            0.082183,            0.024568,             0.96312,             0.83511,             0.88593,             0.76203,            0.043881,            0.057749,            0.018993,           0.0048075,           0.0048075,           0.0048075
                1051,            0.053032,            0.081977,            0.024668,             0.96361,             0.83478,             0.88595,             0.76201,            0.043879,             0.05774,            0.018993,           0.0048025,           0.0048025,           0.0048025
                1052,            0.052888,            0.082087,            0.024539,              0.9637,             0.83486,             0.88598,             0.76208,            0.043877,            0.057729,            0.018992,           0.0047976,           0.0047976,           0.0047976
                1053,            0.053021,            0.082533,            0.024618,             0.96357,             0.83495,               0.886,             0.76216,            0.043876,            0.057709,            0.018991,           0.0047926,           0.0047926,           0.0047926
                1054,             0.05313,            0.082662,            0.024685,             0.96349,             0.83505,             0.88602,             0.76219,            0.043874,            0.057692,            0.018991,           0.0047877,           0.0047877,           0.0047877
                1055,            0.053132,            0.082255,            0.024696,             0.96353,             0.83504,             0.88601,             0.76217,            0.043875,            0.057702,            0.018991,           0.0047827,           0.0047827,           0.0047827
                1056,            0.052982,            0.082734,            0.024546,             0.96345,             0.83503,               0.886,              0.7622,            0.043875,            0.057697,            0.018991,           0.0047778,           0.0047778,           0.0047778
                1057,            0.052971,            0.082028,            0.024638,              0.9636,             0.83502,             0.88604,             0.76225,            0.043872,            0.057688,             0.01899,           0.0047728,           0.0047728,           0.0047728
                1058,            0.053097,            0.082812,            0.024694,             0.96348,             0.83502,             0.88604,             0.76216,            0.043874,            0.057693,            0.018991,           0.0047679,           0.0047679,           0.0047679
                1059,            0.053156,            0.082901,            0.024764,             0.96338,               0.835,             0.88605,             0.76225,            0.043872,             0.05767,             0.01899,           0.0047629,           0.0047629,           0.0047629
                1060,            0.053096,            0.082702,            0.024694,             0.96352,             0.83505,             0.88605,             0.76225,            0.043872,            0.057674,            0.018989,            0.004758,            0.004758,            0.004758
                1061,            0.053067,             0.08258,            0.024655,             0.96348,             0.83509,             0.88604,             0.76237,            0.043869,            0.057671,            0.018989,            0.004753,            0.004753,            0.004753
                1062,            0.053127,             0.08231,            0.024737,             0.96351,             0.83506,             0.88606,             0.76231,            0.043866,            0.057663,            0.018988,           0.0047481,           0.0047481,           0.0047481
                1063,            0.052962,             0.08265,            0.024534,             0.96348,             0.83502,             0.88606,             0.76233,            0.043865,            0.057654,            0.018988,           0.0047431,           0.0047431,           0.0047431
                1064,            0.052932,            0.082152,            0.024572,             0.96347,             0.83501,             0.88608,             0.76228,            0.043866,            0.057661,            0.018987,           0.0047382,           0.0047382,           0.0047382
                1065,            0.052766,            0.082099,            0.024477,             0.96348,             0.83505,             0.88603,             0.76218,            0.043866,            0.057654,            0.018987,           0.0047332,           0.0047332,           0.0047332
                1066,            0.052906,            0.082003,             0.02459,             0.96339,             0.83512,             0.88603,             0.76217,            0.043865,            0.057642,            0.018986,           0.0047283,           0.0047283,           0.0047283
                1067,            0.053016,            0.082415,            0.024589,              0.9635,             0.83517,             0.88603,             0.76224,            0.043864,             0.05765,            0.018985,           0.0047233,           0.0047233,           0.0047233
                1068,            0.052924,            0.081765,            0.024584,             0.96361,             0.83524,              0.8861,             0.76233,            0.043864,             0.05764,            0.018985,           0.0047184,           0.0047184,           0.0047184
                1069,            0.052948,            0.082219,            0.024582,              0.9636,             0.83528,             0.88612,             0.76234,            0.043862,            0.057625,            0.018984,           0.0047134,           0.0047134,           0.0047134
                1070,             0.05294,            0.081989,            0.024545,             0.96359,             0.83527,             0.88611,             0.76233,            0.043859,            0.057622,            0.018984,           0.0047085,           0.0047085,           0.0047085
                1071,            0.052853,            0.082258,            0.024587,              0.9636,             0.83535,             0.88613,             0.76228,            0.043856,            0.057615,            0.018983,           0.0047035,           0.0047035,           0.0047035
                1072,            0.052943,            0.082271,            0.024543,             0.96362,             0.83539,             0.88616,             0.76231,            0.043858,            0.057623,            0.018983,           0.0046986,           0.0046986,           0.0046986
                1073,            0.053008,            0.082594,            0.024635,             0.96372,             0.83544,              0.8861,             0.76235,            0.043853,            0.057621,            0.018982,           0.0046936,           0.0046936,           0.0046936
                1074,            0.052991,            0.082137,            0.024612,             0.96363,             0.83545,             0.88614,             0.76236,            0.043852,            0.057625,            0.018982,           0.0046887,           0.0046887,           0.0046887
                1075,            0.053039,            0.083076,            0.024679,             0.96364,             0.83549,             0.88614,             0.76234,            0.043852,            0.057629,            0.018982,           0.0046837,           0.0046837,           0.0046837
                1076,            0.053041,              0.0822,            0.024631,             0.96367,             0.83553,             0.88612,             0.76246,            0.043848,            0.057628,            0.018981,           0.0046788,           0.0046788,           0.0046788
                1077,            0.053078,            0.082011,            0.024688,             0.96414,             0.83517,             0.88612,             0.76256,            0.043846,            0.057634,            0.018981,           0.0046738,           0.0046738,           0.0046738
                1078,              0.0529,            0.082255,            0.024596,              0.9641,             0.83527,             0.88619,              0.7627,            0.043846,            0.057623,             0.01898,           0.0046689,           0.0046689,           0.0046689
                1079,            0.052986,            0.082076,            0.024638,               0.964,             0.83528,             0.88616,             0.76266,            0.043845,            0.057622,             0.01898,           0.0046639,           0.0046639,           0.0046639
                1080,             0.05303,            0.082285,            0.024667,             0.96415,             0.83532,             0.88614,             0.76273,            0.043842,            0.057624,             0.01898,            0.004659,            0.004659,            0.004659
                1081,            0.053167,            0.082967,            0.024701,              0.9641,             0.83528,             0.88613,             0.76277,            0.043841,             0.05761,            0.018979,            0.004654,            0.004654,            0.004654
                1082,            0.052886,            0.082018,            0.024554,              0.9642,             0.83529,             0.88612,             0.76271,            0.043841,            0.057624,            0.018979,           0.0046491,           0.0046491,           0.0046491
                1083,            0.052999,            0.082433,            0.024667,             0.96422,             0.83534,             0.88614,             0.76278,            0.043841,            0.057622,            0.018979,           0.0046441,           0.0046441,           0.0046441
                1084,            0.052993,            0.082503,            0.024659,              0.9644,             0.83535,             0.88614,             0.76266,            0.043844,            0.057616,            0.018979,           0.0046392,           0.0046392,           0.0046392
                1085,            0.052875,            0.081768,            0.024569,             0.96437,             0.83531,             0.88607,             0.76275,            0.043842,            0.057586,            0.018979,           0.0046342,           0.0046342,           0.0046342
                1086,            0.053142,            0.082578,            0.024699,             0.96436,             0.83534,             0.88611,             0.76276,            0.043842,            0.057607,            0.018978,           0.0046293,           0.0046293,           0.0046293
                1087,            0.052958,            0.082131,            0.024667,             0.96427,             0.83547,             0.88608,             0.76272,            0.043841,            0.057604,            0.018978,           0.0046243,           0.0046243,           0.0046243
                1088,            0.052795,            0.082028,            0.024521,             0.96445,             0.83538,             0.88606,             0.76277,            0.043835,            0.057579,            0.018978,           0.0046194,           0.0046194,           0.0046194
                1089,            0.052976,            0.082016,            0.024614,             0.96446,             0.83541,             0.88605,             0.76287,            0.043834,            0.057572,            0.018978,           0.0046144,           0.0046144,           0.0046144
                1090,            0.052872,            0.082068,            0.024638,              0.9644,             0.83548,             0.88607,             0.76289,            0.043837,             0.05758,            0.018978,           0.0046095,           0.0046095,           0.0046095
                1091,            0.052947,            0.082385,            0.024558,             0.96449,              0.8356,             0.88613,             0.76276,            0.043836,             0.05758,            0.018977,           0.0046045,           0.0046045,           0.0046045
                1092,            0.052892,            0.081478,            0.024517,             0.96425,             0.83551,             0.88609,             0.76281,            0.043834,             0.05759,            0.018977,           0.0045995,           0.0045995,           0.0045995
                1093,            0.053022,            0.082735,            0.024628,             0.96419,             0.83553,             0.88606,              0.7628,            0.043831,            0.057579,            0.018977,           0.0045946,           0.0045946,           0.0045946
                1094,            0.052627,            0.081079,            0.024447,             0.96412,             0.83558,             0.88605,             0.76283,             0.04383,             0.05757,            0.018976,           0.0045896,           0.0045896,           0.0045896
                1095,            0.052967,            0.081931,            0.024594,             0.96408,             0.83561,             0.88601,             0.76291,            0.043829,            0.057568,            0.018975,           0.0045847,           0.0045847,           0.0045847
                1096,              0.0528,            0.081453,            0.024481,             0.96453,             0.83537,             0.88604,             0.76293,            0.043827,            0.057564,            0.018975,           0.0045798,           0.0045798,           0.0045798
                1097,            0.052957,            0.081377,            0.024624,             0.96416,              0.8357,             0.88602,             0.76293,            0.043825,            0.057556,            0.018974,           0.0045748,           0.0045748,           0.0045748
                1098,            0.052893,            0.081869,            0.024562,              0.9641,             0.83568,               0.886,               0.763,            0.043823,            0.057551,            0.018974,           0.0045699,           0.0045699,           0.0045699
                1099,            0.052861,            0.081308,            0.024494,              0.9641,             0.83574,               0.886,             0.76299,             0.04382,            0.057534,            0.018974,           0.0045649,           0.0045649,           0.0045649
                1100,            0.052674,            0.081738,            0.024492,             0.96404,             0.83574,             0.88602,             0.76305,            0.043818,            0.057525,            0.018972,             0.00456,             0.00456,             0.00456
                1101,            0.053055,            0.082125,            0.024699,             0.96453,             0.83551,             0.88603,             0.76308,            0.043814,            0.057524,            0.018971,            0.004555,            0.004555,            0.004555
                1102,            0.052897,            0.081379,            0.024633,              0.9644,             0.83545,             0.88596,              0.7631,            0.043813,             0.05752,            0.018971,             0.00455,             0.00455,             0.00455
                1103,            0.052959,            0.081958,            0.024604,             0.96436,             0.83558,             0.88601,             0.76318,            0.043811,            0.057507,            0.018971,           0.0045451,           0.0045451,           0.0045451
                1104,            0.052884,             0.08181,            0.024572,             0.96432,             0.83569,             0.88604,             0.76322,            0.043809,            0.057507,             0.01897,           0.0045401,           0.0045401,           0.0045401
                1105,              0.0527,            0.081787,            0.024396,             0.96425,             0.83573,             0.88605,             0.76324,            0.043804,            0.057475,             0.01897,           0.0045352,           0.0045352,           0.0045352
                1106,            0.053048,            0.082854,            0.024723,              0.9642,             0.83581,             0.88605,             0.76326,              0.0438,            0.057449,            0.018969,           0.0045303,           0.0045303,           0.0045303
                1107,            0.053021,            0.083063,            0.024727,             0.96417,             0.83575,             0.88603,              0.7633,            0.043796,            0.057432,            0.018969,           0.0045253,           0.0045253,           0.0045253
                1108,            0.052898,            0.081949,            0.024578,             0.96412,             0.83574,             0.88603,             0.76329,            0.043794,            0.057426,            0.018968,           0.0045204,           0.0045204,           0.0045204
                1109,             0.05291,            0.082126,            0.024566,             0.96408,             0.83571,             0.88604,             0.76336,            0.043793,            0.057425,            0.018968,           0.0045154,           0.0045154,           0.0045154
                1110,            0.052788,            0.081579,            0.024496,             0.96396,             0.83592,               0.886,             0.76341,            0.043793,            0.057414,            0.018967,           0.0045105,           0.0045105,           0.0045105
                1111,            0.052839,            0.081572,            0.024584,             0.96403,             0.83591,               0.886,             0.76345,            0.043789,            0.057404,            0.018967,           0.0045055,           0.0045055,           0.0045055
                1112,            0.052808,              0.0822,            0.024512,             0.96408,             0.83588,             0.88602,             0.76352,            0.043787,            0.057408,            0.018967,           0.0045006,           0.0045006,           0.0045006
                1113,            0.052952,            0.082053,            0.024577,             0.96407,              0.8359,             0.88601,             0.76359,            0.043786,            0.057407,            0.018966,           0.0044956,           0.0044956,           0.0044956
                1114,            0.052867,            0.081294,            0.024581,             0.96408,             0.83595,             0.88602,             0.76358,            0.043785,            0.057393,            0.018965,           0.0044906,           0.0044906,           0.0044906
                1115,            0.052811,            0.081449,            0.024575,             0.96406,             0.83593,             0.88603,             0.76358,            0.043785,            0.057396,            0.018964,           0.0044857,           0.0044857,           0.0044857
                1116,            0.052964,            0.081673,            0.024657,              0.9646,             0.83571,             0.88601,             0.76355,            0.043786,            0.057386,            0.018964,           0.0044808,           0.0044808,           0.0044808
                1117,            0.052894,            0.082527,            0.024634,             0.96465,             0.83568,             0.88604,             0.76358,            0.043787,            0.057395,            0.018964,           0.0044758,           0.0044758,           0.0044758
                1118,            0.053005,            0.082539,            0.024616,             0.96476,              0.8356,               0.886,              0.7636,            0.043786,            0.057377,            0.018964,           0.0044709,           0.0044709,           0.0044709
                1119,            0.052811,            0.082027,            0.024513,             0.96495,             0.83562,             0.88602,             0.76356,            0.043785,            0.057367,            0.018963,           0.0044659,           0.0044659,           0.0044659
                1120,            0.052948,             0.08148,            0.024598,             0.96508,             0.83565,             0.88601,             0.76368,            0.043781,            0.057353,            0.018963,           0.0044609,           0.0044609,           0.0044609
                1121,             0.05281,            0.081021,            0.024503,             0.96506,             0.83568,             0.88604,             0.76374,            0.043779,            0.057351,            0.018962,            0.004456,            0.004456,            0.004456
                1122,            0.052938,            0.081922,            0.024614,             0.96501,             0.83575,             0.88606,             0.76376,            0.043778,            0.057336,            0.018962,           0.0044511,           0.0044511,           0.0044511
                1123,            0.052921,            0.081946,            0.024577,             0.96504,             0.83569,             0.88608,             0.76388,            0.043775,            0.057319,            0.018962,           0.0044461,           0.0044461,           0.0044461
                1124,            0.052962,            0.081622,             0.02467,             0.96488,             0.83571,             0.88607,               0.764,            0.043771,            0.057288,            0.018962,           0.0044411,           0.0044411,           0.0044411
                1125,            0.052899,            0.081596,            0.024607,             0.96479,             0.83586,             0.88607,             0.76401,            0.043768,            0.057276,            0.018961,           0.0044362,           0.0044362,           0.0044362
                1126,            0.052794,            0.081542,            0.024581,             0.96472,             0.83579,             0.88606,             0.76404,            0.043767,            0.057261,             0.01896,           0.0044313,           0.0044313,           0.0044313
                1127,             0.05277,            0.081634,            0.024519,             0.96472,             0.83575,              0.8861,             0.76406,            0.043765,            0.057256,             0.01896,           0.0044263,           0.0044263,           0.0044263
                1128,            0.052694,            0.081024,            0.024457,             0.96475,             0.83569,             0.88613,             0.76409,            0.043763,             0.05724,             0.01896,           0.0044214,           0.0044214,           0.0044214
                1129,            0.052871,            0.081997,            0.024581,             0.96492,             0.83572,             0.88612,             0.76412,            0.043761,            0.057236,             0.01896,           0.0044164,           0.0044164,           0.0044164
                1130,            0.052875,            0.081686,              0.0246,             0.96485,             0.83575,             0.88614,             0.76425,             0.04376,            0.057223,            0.018959,           0.0044114,           0.0044114,           0.0044114
                1131,            0.052857,            0.082014,            0.024544,             0.96497,             0.83583,             0.88611,             0.76425,            0.043759,            0.057225,            0.018959,           0.0044065,           0.0044065,           0.0044065
                1132,            0.052697,            0.081269,            0.024458,             0.96492,             0.83594,             0.88615,             0.76421,            0.043757,            0.057227,            0.018959,           0.0044016,           0.0044016,           0.0044016
                1133,            0.052837,             0.08192,            0.024603,             0.96475,              0.8359,              0.8861,             0.76432,            0.043755,            0.057197,            0.018958,           0.0043966,           0.0043966,           0.0043966
                1134,            0.052707,            0.081855,            0.024428,             0.96476,             0.83599,              0.8861,              0.7644,            0.043752,              0.0572,            0.018958,           0.0043917,           0.0043917,           0.0043917
                1135,             0.05278,            0.081558,            0.024528,              0.9647,             0.83589,             0.88614,             0.76448,            0.043749,            0.057204,            0.018957,           0.0043867,           0.0043867,           0.0043867
                1136,            0.052703,            0.081494,            0.024475,             0.96416,             0.83629,             0.88614,             0.76451,            0.043749,            0.057195,            0.018956,           0.0043818,           0.0043818,           0.0043818
                1137,            0.052847,             0.08175,            0.024492,             0.96403,             0.83627,             0.88611,             0.76447,            0.043746,            0.057181,            0.018956,           0.0043768,           0.0043768,           0.0043768
                1138,            0.052701,             0.08132,            0.024453,             0.96471,             0.83605,             0.88614,             0.76446,            0.043747,            0.057194,            0.018956,           0.0043719,           0.0043719,           0.0043719
                1139,            0.052638,            0.081248,            0.024457,             0.96471,             0.83611,             0.88619,             0.76454,            0.043748,            0.057183,            0.018956,           0.0043669,           0.0043669,           0.0043669
                1140,            0.052892,            0.081972,            0.024641,             0.96469,             0.83612,             0.88618,             0.76454,            0.043748,            0.057179,            0.018955,           0.0043619,           0.0043619,           0.0043619
                1141,            0.052854,            0.081853,            0.024542,             0.96474,             0.83622,             0.88613,             0.76454,             0.04375,            0.057186,            0.018955,            0.004357,            0.004357,            0.004357
                1142,            0.052803,            0.082144,            0.024477,             0.96481,             0.83623,              0.8861,             0.76467,            0.043749,            0.057192,            0.018955,           0.0043521,           0.0043521,           0.0043521
                1143,            0.052848,             0.08182,            0.024579,             0.96478,             0.83627,              0.8861,             0.76467,             0.04375,            0.057199,            0.018954,           0.0043471,           0.0043471,           0.0043471
                1144,            0.052783,            0.081688,            0.024582,              0.9646,             0.83627,             0.88611,             0.76471,            0.043749,            0.057193,            0.018953,           0.0043422,           0.0043422,           0.0043422
                1145,            0.052709,            0.081541,            0.024474,             0.96496,             0.83595,              0.8861,             0.76469,             0.04375,            0.057183,            0.018953,           0.0043372,           0.0043372,           0.0043372
                1146,            0.052691,            0.081593,            0.024526,             0.96506,             0.83596,             0.88613,             0.76474,            0.043748,            0.057175,            0.018952,           0.0043323,           0.0043323,           0.0043323
                1147,            0.052919,             0.08162,            0.024618,             0.96513,             0.83588,             0.88613,             0.76495,            0.043743,            0.057164,            0.018952,           0.0043273,           0.0043273,           0.0043273
                1148,            0.052819,            0.081628,            0.024589,             0.96516,             0.83582,             0.88612,             0.76503,            0.043741,            0.057157,            0.018951,           0.0043223,           0.0043223,           0.0043223
                1149,            0.052713,            0.082784,            0.024513,             0.96519,             0.83584,             0.88609,             0.76503,            0.043739,            0.057155,             0.01895,           0.0043174,           0.0043174,           0.0043174
                1150,             0.05288,            0.081375,            0.024564,             0.96521,             0.83593,             0.88609,             0.76511,            0.043736,            0.057153,             0.01895,           0.0043124,           0.0043124,           0.0043124
                1151,            0.052627,            0.081918,            0.024543,             0.96513,               0.836,             0.88612,             0.76512,            0.043734,            0.057137,            0.018949,           0.0043075,           0.0043075,           0.0043075
                1152,            0.052795,            0.081313,            0.024527,             0.96529,             0.83595,             0.88608,             0.76509,             0.04373,             0.05713,            0.018949,           0.0043026,           0.0043026,           0.0043026
                1153,            0.052768,            0.081377,            0.024502,             0.96566,             0.83566,             0.88609,             0.76511,            0.043732,            0.057131,            0.018949,           0.0042976,           0.0042976,           0.0042976
                1154,            0.052727,            0.081422,             0.02448,             0.96522,             0.83601,             0.88611,             0.76518,             0.04373,            0.057122,            0.018948,           0.0042927,           0.0042927,           0.0042927
                1155,            0.052697,             0.08102,            0.024482,             0.96576,             0.83574,             0.88612,             0.76531,            0.043724,            0.057096,            0.018948,           0.0042877,           0.0042877,           0.0042877
                1156,            0.052882,            0.081889,            0.024612,             0.96528,             0.83616,             0.88614,             0.76533,            0.043722,            0.057091,            0.018947,           0.0042828,           0.0042828,           0.0042828
                1157,            0.052681,            0.081875,             0.02447,              0.9654,             0.83617,             0.88616,             0.76539,            0.043722,            0.057086,            0.018947,           0.0042778,           0.0042778,           0.0042778
                1158,            0.052745,            0.081002,            0.024521,             0.96539,             0.83613,             0.88615,             0.76553,            0.043717,            0.057067,            0.018946,           0.0042728,           0.0042728,           0.0042728
                1159,            0.052821,            0.080791,            0.024548,             0.96528,             0.83614,              0.8862,             0.76558,            0.043716,            0.057058,            0.018946,           0.0042679,           0.0042679,           0.0042679
                1160,            0.052719,            0.081166,            0.024524,             0.96525,             0.83614,             0.88614,             0.76553,            0.043719,            0.057058,            0.018946,           0.0042629,           0.0042629,           0.0042629
                1161,            0.052618,            0.081172,            0.024468,              0.9652,             0.83614,             0.88616,             0.76564,            0.043714,            0.057034,            0.018945,            0.004258,            0.004258,            0.004258
                1162,            0.052874,            0.081198,            0.024596,             0.96526,             0.83608,             0.88615,             0.76567,            0.043713,            0.057024,            0.018945,           0.0042531,           0.0042531,           0.0042531
                1163,            0.052644,            0.080511,            0.024482,              0.9652,             0.83608,             0.88619,             0.76576,            0.043713,            0.057006,            0.018945,           0.0042481,           0.0042481,           0.0042481
                1164,            0.052884,            0.081934,            0.024579,             0.96536,             0.83611,             0.88622,             0.76593,             0.04371,            0.057008,            0.018944,           0.0042432,           0.0042432,           0.0042432
                1165,            0.052522,            0.081223,            0.024405,             0.96532,             0.83616,             0.88622,             0.76591,            0.043711,               0.057,            0.018944,           0.0042382,           0.0042382,           0.0042382
                1166,            0.052694,            0.080893,            0.024564,             0.96526,             0.83613,             0.88618,             0.76596,            0.043708,            0.056988,            0.018943,           0.0042333,           0.0042333,           0.0042333
                1167,            0.052744,            0.081379,             0.02461,             0.96527,             0.83616,             0.88622,             0.76597,            0.043705,            0.056978,            0.018943,           0.0042283,           0.0042283,           0.0042283
                1168,            0.052624,            0.081634,            0.024434,             0.96524,             0.83607,             0.88624,             0.76603,            0.043705,            0.056981,            0.018942,           0.0042233,           0.0042233,           0.0042233
                1169,            0.052703,            0.081039,            0.024489,              0.9653,             0.83614,             0.88629,             0.76599,            0.043701,            0.056977,            0.018942,           0.0042184,           0.0042184,           0.0042184
                1170,             0.05269,            0.080953,            0.024537,             0.96544,             0.83603,             0.88632,             0.76609,            0.043696,             0.05695,            0.018941,           0.0042134,           0.0042134,           0.0042134
                1171,             0.05278,            0.081692,            0.024572,             0.96543,             0.83608,              0.8863,              0.7662,            0.043694,            0.056945,             0.01894,           0.0042085,           0.0042085,           0.0042085
                1172,            0.052783,             0.08132,            0.024614,             0.96539,             0.83611,              0.8863,             0.76608,            0.043694,            0.056946,             0.01894,           0.0042035,           0.0042035,           0.0042035
                1173,              0.0528,            0.081969,            0.024626,             0.96482,             0.83645,             0.88628,             0.76613,            0.043689,            0.056924,            0.018939,           0.0041986,           0.0041986,           0.0041986
                1174,            0.052724,            0.082008,            0.024462,              0.9649,             0.83636,              0.8863,             0.76617,            0.043687,            0.056913,            0.018938,           0.0041937,           0.0041937,           0.0041937
                1175,            0.052739,            0.081382,            0.024544,             0.96475,             0.83636,             0.88634,             0.76619,            0.043686,            0.056912,            0.018938,           0.0041887,           0.0041887,           0.0041887
                1176,            0.052742,            0.081797,            0.024514,             0.96484,             0.83638,             0.88633,             0.76611,            0.043688,            0.056914,            0.018937,           0.0041837,           0.0041837,           0.0041837
                1177,             0.05271,            0.081566,            0.024504,             0.96481,             0.83635,             0.88634,              0.7662,            0.043688,            0.056906,            0.018937,           0.0041788,           0.0041788,           0.0041788
                1178,            0.052704,             0.08122,            0.024562,             0.96477,             0.83641,             0.88638,             0.76625,            0.043687,             0.05689,            0.018936,           0.0041738,           0.0041738,           0.0041738
                1179,            0.052622,            0.080916,            0.024514,             0.96479,             0.83636,             0.88636,             0.76621,            0.043688,            0.056893,            0.018935,           0.0041689,           0.0041689,           0.0041689
                1180,            0.052801,             0.08076,            0.024514,             0.96475,             0.83632,             0.88638,             0.76629,            0.043687,            0.056898,            0.018935,           0.0041639,           0.0041639,           0.0041639
                1181,            0.052613,            0.081088,            0.024393,             0.96485,             0.83639,             0.88642,             0.76624,            0.043686,            0.056878,            0.018935,            0.004159,            0.004159,            0.004159
                1182,            0.052611,            0.081186,            0.024456,             0.96496,             0.83634,             0.88643,             0.76631,            0.043685,             0.05688,            0.018934,            0.004154,            0.004154,            0.004154
                1183,            0.052687,            0.081264,            0.024469,             0.96483,             0.83646,             0.88644,             0.76635,            0.043685,            0.056863,            0.018933,           0.0041491,           0.0041491,           0.0041491
                1184,            0.052856,            0.081071,            0.024639,             0.96459,             0.83649,              0.8864,             0.76632,            0.043686,            0.056859,            0.018933,           0.0041442,           0.0041442,           0.0041442
                1185,            0.052707,            0.081441,            0.024505,             0.96447,             0.83648,             0.88636,             0.76637,            0.043683,            0.056849,            0.018932,           0.0041392,           0.0041392,           0.0041392
                1186,            0.052711,            0.080985,            0.024515,             0.96451,             0.83655,             0.88641,             0.76642,            0.043683,            0.056841,            0.018932,           0.0041342,           0.0041342,           0.0041342
                1187,            0.052799,            0.081603,            0.024562,             0.96447,             0.83652,              0.8864,             0.76648,            0.043684,             0.05684,            0.018931,           0.0041293,           0.0041293,           0.0041293
                1188,            0.052547,            0.080466,            0.024463,             0.96451,              0.8366,              0.8864,             0.76655,            0.043681,            0.056832,             0.01893,           0.0041243,           0.0041243,           0.0041243
                1189,            0.052699,            0.081658,            0.024564,             0.96444,             0.83652,             0.88639,             0.76655,            0.043683,            0.056835,            0.018929,           0.0041194,           0.0041194,           0.0041194
                1190,            0.052747,            0.081569,            0.024538,             0.96452,             0.83662,              0.8864,             0.76655,             0.04368,            0.056808,            0.018928,           0.0041144,           0.0041144,           0.0041144
                1191,            0.052752,            0.081138,            0.024576,             0.96446,             0.83661,             0.88639,             0.76667,            0.043676,            0.056777,            0.018927,           0.0041095,           0.0041095,           0.0041095
                1192,            0.052705,            0.081192,            0.024522,             0.96398,             0.83683,             0.88638,             0.76665,            0.043676,            0.056772,            0.018927,           0.0041045,           0.0041045,           0.0041045
                1193,            0.052678,            0.080765,            0.024553,             0.96384,             0.83689,              0.8864,             0.76673,            0.043673,            0.056753,            0.018927,           0.0040996,           0.0040996,           0.0040996
                1194,            0.052645,            0.080073,            0.024498,             0.96434,             0.83673,             0.88642,             0.76678,            0.043672,            0.056756,            0.018926,           0.0040947,           0.0040947,           0.0040947
                1195,              0.0526,            0.081197,            0.024468,             0.96428,             0.83673,             0.88644,             0.76683,            0.043671,            0.056755,            0.018926,           0.0040897,           0.0040897,           0.0040897
                1196,            0.052766,            0.081297,            0.024501,             0.96439,             0.83674,             0.88643,             0.76678,             0.04367,            0.056751,            0.018925,           0.0040847,           0.0040847,           0.0040847
                1197,            0.052657,            0.080845,            0.024478,             0.96445,             0.83672,             0.88643,             0.76688,            0.043668,             0.05674,            0.018925,           0.0040798,           0.0040798,           0.0040798
                1198,            0.052535,            0.081548,            0.024422,             0.96439,             0.83679,             0.88646,             0.76684,            0.043667,            0.056743,            0.018924,           0.0040748,           0.0040748,           0.0040748
                1199,            0.052681,             0.08119,            0.024523,             0.96437,             0.83688,             0.88647,             0.76688,            0.043667,            0.056735,            0.018923,           0.0040699,           0.0040699,           0.0040699
                1200,            0.052575,            0.080996,            0.024449,             0.96421,              0.8369,             0.88646,             0.76691,            0.043669,            0.056723,            0.018923,            0.004065,            0.004065,            0.004065
                1201,            0.052686,            0.080672,            0.024535,             0.96422,             0.83687,             0.88647,             0.76691,            0.043666,             0.05672,            0.018923,             0.00406,             0.00406,             0.00406
                1202,             0.05265,             0.08076,            0.024475,             0.96428,             0.83688,             0.88651,             0.76701,            0.043661,            0.056697,            0.018923,            0.004055,            0.004055,            0.004055
                1203,            0.052513,            0.080877,            0.024418,             0.96414,             0.83684,             0.88653,             0.76712,            0.043655,            0.056684,            0.018922,           0.0040501,           0.0040501,           0.0040501
                1204,            0.052491,            0.080468,             0.02437,             0.96413,             0.83691,             0.88653,             0.76713,            0.043657,            0.056687,            0.018921,           0.0040451,           0.0040451,           0.0040451
                1205,            0.052604,            0.080958,            0.024557,             0.96423,             0.83693,             0.88648,             0.76721,            0.043656,            0.056694,            0.018921,           0.0040402,           0.0040402,           0.0040402
                1206,             0.05276,            0.081857,            0.024574,              0.9648,             0.83662,              0.8865,             0.76726,            0.043653,            0.056684,             0.01892,           0.0040352,           0.0040352,           0.0040352
                1207,            0.052756,            0.080898,            0.024528,             0.96494,             0.83656,             0.88647,             0.76724,            0.043652,            0.056681,             0.01892,           0.0040303,           0.0040303,           0.0040303
                1208,            0.052553,            0.080496,            0.024515,             0.96483,             0.83658,             0.88647,              0.7673,            0.043652,            0.056678,            0.018919,           0.0040253,           0.0040253,           0.0040253
                1209,            0.052687,            0.081435,            0.024485,             0.96476,             0.83666,             0.88645,             0.76733,             0.04365,             0.05667,            0.018919,           0.0040204,           0.0040204,           0.0040204
                1210,            0.052722,            0.082016,            0.024563,             0.96464,             0.83663,             0.88645,             0.76729,             0.04365,            0.056675,            0.018919,           0.0040155,           0.0040155,           0.0040155
                1211,            0.052499,            0.081054,            0.024378,             0.96471,             0.83656,             0.88643,             0.76731,             0.04365,            0.056674,            0.018919,           0.0040105,           0.0040105,           0.0040105
                1212,            0.052671,             0.08119,            0.024477,              0.9647,             0.83655,             0.88645,             0.76735,            0.043649,             0.05667,            0.018918,           0.0040056,           0.0040056,           0.0040056
                1213,            0.052454,              0.0804,            0.024363,             0.96514,              0.8363,             0.88645,             0.76734,            0.043649,            0.056666,            0.018918,           0.0040006,           0.0040006,           0.0040006
                1214,            0.052428,            0.080146,            0.024388,             0.96452,             0.83666,             0.88644,             0.76737,            0.043651,            0.056661,            0.018917,           0.0039956,           0.0039956,           0.0039956
                1215,            0.052475,            0.080467,            0.024417,             0.96474,             0.83672,             0.88649,             0.76737,            0.043652,            0.056671,            0.018917,           0.0039907,           0.0039907,           0.0039907
                1216,            0.052508,            0.080899,            0.024432,             0.96472,             0.83666,             0.88644,             0.76736,            0.043652,            0.056671,            0.018916,           0.0039857,           0.0039857,           0.0039857
                1217,            0.052547,            0.080721,            0.024425,             0.96451,             0.83666,             0.88644,             0.76741,             0.04365,            0.056675,            0.018916,           0.0039808,           0.0039808,           0.0039808
                1218,            0.052624,            0.081192,            0.024478,              0.9645,             0.83664,             0.88642,             0.76745,            0.043651,            0.056671,            0.018915,           0.0039758,           0.0039758,           0.0039758
                1219,            0.052455,            0.080904,            0.024359,             0.96436,             0.83681,             0.88644,             0.76747,            0.043649,            0.056672,            0.018915,           0.0039709,           0.0039709,           0.0039709
                1220,            0.052537,            0.080492,            0.024463,              0.9644,             0.83686,             0.88646,             0.76751,            0.043649,            0.056658,            0.018914,            0.003966,            0.003966,            0.003966
                1221,            0.052483,            0.081447,            0.024405,             0.96485,             0.83659,             0.88646,             0.76755,            0.043645,            0.056661,            0.018913,            0.003961,            0.003961,            0.003961
                1222,            0.052582,            0.080971,            0.024394,             0.96428,             0.83689,             0.88645,             0.76759,            0.043641,            0.056641,            0.018913,           0.0039561,           0.0039561,           0.0039561
                1223,            0.052633,            0.080538,            0.024486,             0.96428,             0.83681,             0.88651,             0.76768,             0.04364,            0.056649,            0.018912,           0.0039511,           0.0039511,           0.0039511
                1224,            0.052567,            0.081166,            0.024448,             0.96422,             0.83693,             0.88647,              0.7676,            0.043641,            0.056647,            0.018912,           0.0039461,           0.0039461,           0.0039461
                1225,            0.052474,            0.080714,            0.024417,             0.96421,             0.83694,             0.88651,             0.76765,            0.043639,             0.05662,            0.018912,           0.0039412,           0.0039412,           0.0039412
                1226,            0.052392,            0.079949,            0.024414,             0.96424,             0.83688,             0.88646,             0.76762,            0.043638,            0.056621,            0.018911,           0.0039362,           0.0039362,           0.0039362
                1227,            0.052538,            0.080549,            0.024422,             0.96428,             0.83677,             0.88646,              0.7676,            0.043637,            0.056614,             0.01891,           0.0039313,           0.0039313,           0.0039313
                1228,            0.052568,            0.081213,            0.024489,             0.96425,              0.8368,             0.88646,             0.76765,            0.043635,            0.056595,            0.018909,           0.0039263,           0.0039263,           0.0039263
                1229,            0.052619,            0.081531,            0.024422,             0.96426,              0.8368,             0.88647,             0.76761,            0.043637,            0.056601,            0.018908,           0.0039214,           0.0039214,           0.0039214
                1230,            0.052558,            0.080937,            0.024477,             0.96436,              0.8369,             0.88648,             0.76766,            0.043635,             0.05658,            0.018907,           0.0039165,           0.0039165,           0.0039165
                1231,            0.052521,            0.079736,             0.02442,             0.96425,             0.83696,             0.88648,             0.76779,            0.043633,            0.056561,            0.018907,           0.0039115,           0.0039115,           0.0039115
                1232,            0.052511,             0.08029,            0.024462,             0.96481,             0.83665,             0.88646,             0.76777,            0.043632,            0.056559,            0.018906,           0.0039065,           0.0039065,           0.0039065
                1233,            0.052407,            0.081602,            0.024359,             0.96431,             0.83692,             0.88644,             0.76785,             0.04363,            0.056553,            0.018906,           0.0039016,           0.0039016,           0.0039016
                1234,            0.052505,            0.080756,            0.024416,             0.96441,             0.83695,             0.88645,             0.76786,            0.043629,            0.056558,            0.018906,           0.0038966,           0.0038966,           0.0038966
                1235,            0.052664,            0.080964,            0.024512,             0.96426,             0.83695,             0.88645,              0.7679,            0.043629,            0.056556,            0.018905,           0.0038917,           0.0038917,           0.0038917
                1236,            0.052492,            0.079972,            0.024404,              0.9641,             0.83706,             0.88642,               0.768,             0.04363,            0.056554,            0.018904,           0.0038867,           0.0038867,           0.0038867
                1237,            0.052634,            0.080587,            0.024491,             0.96405,             0.83709,             0.88642,             0.76804,            0.043631,            0.056559,            0.018904,           0.0038818,           0.0038818,           0.0038818
                1238,            0.052491,            0.080461,            0.024446,             0.96458,             0.83681,             0.88644,             0.76795,            0.043631,            0.056543,            0.018903,           0.0038768,           0.0038768,           0.0038768
                1239,            0.052573,            0.080904,            0.024481,              0.9645,             0.83689,             0.88645,             0.76806,             0.04363,             0.05654,            0.018903,           0.0038719,           0.0038719,           0.0038719
                1240,            0.052525,            0.080337,            0.024446,             0.96451,              0.8369,             0.88646,             0.76805,            0.043632,            0.056545,            0.018903,           0.0038669,           0.0038669,           0.0038669
                1241,            0.052431,              0.0802,            0.024398,             0.96455,             0.83701,             0.88647,             0.76806,            0.043631,            0.056531,            0.018902,            0.003862,            0.003862,            0.003862
                1242,            0.052541,             0.08085,            0.024447,             0.96438,             0.83705,             0.88652,             0.76816,            0.043629,            0.056531,            0.018902,            0.003857,            0.003857,            0.003857
                1243,             0.05241,            0.080445,            0.024369,             0.96447,             0.83709,              0.8865,             0.76817,            0.043627,            0.056529,            0.018901,           0.0038521,           0.0038521,           0.0038521
                1244,             0.05255,            0.081187,            0.024525,             0.96445,               0.837,             0.88651,             0.76822,            0.043628,            0.056539,              0.0189,           0.0038471,           0.0038471,           0.0038471
                1245,            0.052458,            0.080535,            0.024455,             0.96455,             0.83704,             0.88655,             0.76827,            0.043629,            0.056555,              0.0189,           0.0038422,           0.0038422,           0.0038422
                1246,            0.052454,            0.080844,            0.024402,              0.9645,             0.83699,             0.88657,             0.76829,             0.04363,            0.056563,            0.018899,           0.0038372,           0.0038372,           0.0038372
                1247,            0.052626,             0.08037,            0.024448,             0.96463,             0.83705,             0.88659,             0.76828,             0.04363,             0.05656,            0.018899,           0.0038323,           0.0038323,           0.0038323
                1248,            0.052627,            0.080396,            0.024531,             0.96461,             0.83703,             0.88655,              0.7683,            0.043629,            0.056546,            0.018898,           0.0038273,           0.0038273,           0.0038273
                1249,            0.052455,            0.079494,            0.024405,             0.96452,             0.83699,             0.88651,             0.76827,            0.043628,            0.056543,            0.018898,           0.0038224,           0.0038224,           0.0038224
                1250,            0.052426,            0.080611,            0.024382,             0.96441,             0.83706,             0.88655,             0.76825,            0.043629,            0.056539,            0.018898,           0.0038174,           0.0038174,           0.0038174
                1251,            0.052418,            0.080559,            0.024348,             0.96438,             0.83703,             0.88656,             0.76826,            0.043629,            0.056532,            0.018897,           0.0038125,           0.0038125,           0.0038125
                1252,            0.052421,            0.080411,            0.024467,             0.96501,             0.83673,             0.88649,             0.76839,            0.043623,            0.056505,            0.018897,           0.0038076,           0.0038076,           0.0038076
                1253,            0.052644,            0.081089,            0.024548,             0.96458,             0.83699,             0.88649,             0.76844,            0.043621,            0.056511,            0.018896,           0.0038026,           0.0038026,           0.0038026
                1254,            0.052495,            0.080566,            0.024407,             0.96466,             0.83709,             0.88652,             0.76849,            0.043624,            0.056506,            0.018896,           0.0037977,           0.0037977,           0.0037977
                1255,            0.052629,            0.080316,             0.02452,             0.96467,             0.83711,             0.88653,             0.76853,            0.043625,            0.056516,            0.018895,           0.0037927,           0.0037927,           0.0037927
                1256,              0.0523,             0.08028,            0.024298,             0.96475,             0.83717,             0.88656,             0.76854,            0.043625,            0.056511,            0.018895,           0.0037878,           0.0037878,           0.0037878
                1257,            0.052457,            0.080894,            0.024364,             0.96512,             0.83692,             0.88659,             0.76861,            0.043621,            0.056494,            0.018894,           0.0037828,           0.0037828,           0.0037828
                1258,            0.052458,            0.080199,            0.024468,              0.9651,             0.83689,             0.88658,             0.76854,            0.043617,            0.056475,            0.018893,           0.0037779,           0.0037779,           0.0037779
                1259,            0.052513,            0.080734,            0.024442,             0.96454,             0.83722,             0.88659,              0.7686,            0.043615,            0.056467,            0.018893,           0.0037729,           0.0037729,           0.0037729
                1260,            0.052409,            0.080805,            0.024338,             0.96456,             0.83721,             0.88656,             0.76858,            0.043613,            0.056455,            0.018892,            0.003768,            0.003768,            0.003768
                1261,             0.05234,            0.079995,            0.024385,             0.96442,             0.83715,             0.88658,             0.76862,            0.043612,            0.056458,            0.018891,            0.003763,            0.003763,            0.003763
                1262,             0.05256,            0.080407,            0.024525,             0.96453,             0.83709,             0.88656,             0.76868,             0.04361,             0.05645,            0.018891,           0.0037581,           0.0037581,           0.0037581
                1263,            0.052534,            0.080576,            0.024421,             0.96456,             0.83715,             0.88657,             0.76868,             0.04361,            0.056445,             0.01889,           0.0037531,           0.0037531,           0.0037531
                1264,            0.052488,            0.080787,             0.02444,             0.96448,             0.83716,             0.88653,             0.76869,            0.043609,            0.056441,            0.018889,           0.0037482,           0.0037482,           0.0037482
                1265,            0.052437,             0.08039,            0.024425,             0.96505,             0.83689,             0.88652,             0.76869,            0.043607,            0.056432,            0.018889,           0.0037432,           0.0037432,           0.0037432
                1266,            0.052461,            0.081047,            0.024347,               0.965,             0.83695,             0.88654,              0.7687,            0.043608,            0.056422,            0.018888,           0.0037383,           0.0037383,           0.0037383
                1267,            0.052398,            0.080437,            0.024342,             0.96487,             0.83697,             0.88652,             0.76872,            0.043608,             0.05642,            0.018887,           0.0037333,           0.0037333,           0.0037333
                1268,            0.052412,            0.080643,            0.024363,             0.96497,             0.83702,             0.88659,             0.76874,            0.043608,            0.056415,            0.018887,           0.0037284,           0.0037284,           0.0037284
                1269,            0.052285,            0.080219,            0.024335,             0.96513,             0.83703,             0.88663,             0.76883,            0.043609,            0.056408,            0.018887,           0.0037234,           0.0037234,           0.0037234
                1270,            0.052538,            0.079629,            0.024456,             0.96518,              0.8369,             0.88666,             0.76898,            0.043605,            0.056401,            0.018886,           0.0037185,           0.0037185,           0.0037185
                1271,            0.052362,            0.080307,             0.02438,             0.96518,             0.83689,             0.88663,             0.76895,            0.043605,            0.056387,            0.018886,           0.0037135,           0.0037135,           0.0037135
                1272,            0.052428,            0.079675,            0.024422,             0.96515,              0.8369,             0.88666,             0.76898,            0.043606,            0.056399,            0.018885,           0.0037086,           0.0037086,           0.0037086
                1273,            0.052342,            0.079915,            0.024397,              0.9652,             0.83692,             0.88664,             0.76903,            0.043604,            0.056379,            0.018885,           0.0037036,           0.0037036,           0.0037036
                1274,            0.052514,            0.080469,             0.02446,             0.96529,             0.83693,             0.88667,             0.76912,            0.043603,            0.056382,            0.018884,           0.0036987,           0.0036987,           0.0036987
                1275,            0.052417,            0.080209,             0.02438,             0.96533,             0.83693,             0.88664,             0.76921,            0.043601,            0.056374,            0.018884,           0.0036937,           0.0036937,           0.0036937
                1276,            0.052346,            0.079652,            0.024351,             0.96536,             0.83686,             0.88659,             0.76925,            0.043601,            0.056378,            0.018884,           0.0036888,           0.0036888,           0.0036888
                1277,            0.052411,            0.080537,            0.024366,             0.96533,             0.83693,             0.88659,             0.76922,            0.043604,            0.056383,            0.018883,           0.0036838,           0.0036838,           0.0036838
                1278,            0.052473,            0.079905,            0.024447,             0.96525,              0.8369,             0.88665,             0.76924,            0.043602,            0.056379,            0.018883,           0.0036789,           0.0036789,           0.0036789
                1279,            0.052566,            0.080583,            0.024486,             0.96525,             0.83688,             0.88662,             0.76929,            0.043602,            0.056389,            0.018882,           0.0036739,           0.0036739,           0.0036739
                1280,            0.052424,            0.080294,            0.024346,              0.9653,             0.83687,             0.88665,             0.76921,            0.043602,            0.056393,            0.018882,            0.003669,            0.003669,            0.003669
                1281,            0.052312,            0.079813,             0.02434,             0.96541,             0.83677,              0.8866,             0.76924,            0.043599,            0.056387,            0.018881,            0.003664,            0.003664,            0.003664
                1282,            0.052404,            0.080611,            0.024331,             0.96495,             0.83695,             0.88664,             0.76942,            0.043594,            0.056373,            0.018881,           0.0036591,           0.0036591,           0.0036591
                1283,            0.052437,            0.080296,            0.024369,             0.96502,             0.83707,             0.88669,              0.7695,            0.043591,            0.056367,            0.018881,           0.0036541,           0.0036541,           0.0036541
                1284,            0.052411,            0.079861,             0.02436,             0.96494,             0.83706,             0.88666,             0.76946,            0.043591,            0.056369,            0.018881,           0.0036492,           0.0036492,           0.0036492
                1285,            0.052228,            0.079448,            0.024295,             0.96491,             0.83709,             0.88665,              0.7695,            0.043592,            0.056366,             0.01888,           0.0036442,           0.0036442,           0.0036442
                1286,            0.052465,             0.08085,            0.024385,             0.96479,             0.83711,              0.8867,             0.76949,            0.043588,            0.056353,             0.01888,           0.0036393,           0.0036393,           0.0036393
                1287,             0.05248,            0.080186,             0.02448,             0.96477,             0.83704,             0.88676,             0.76952,            0.043585,            0.056342,            0.018879,           0.0036343,           0.0036343,           0.0036343
                1288,            0.052311,            0.079898,            0.024319,             0.96476,             0.83703,             0.88672,             0.76955,            0.043582,            0.056336,            0.018879,           0.0036294,           0.0036294,           0.0036294
                1289,            0.052415,            0.079482,            0.024418,             0.96481,             0.83706,             0.88673,             0.76955,            0.043577,            0.056312,            0.018878,           0.0036244,           0.0036244,           0.0036244
                1290,            0.052398,            0.079747,            0.024371,             0.96479,             0.83705,             0.88669,              0.7696,            0.043576,             0.05631,            0.018877,           0.0036195,           0.0036195,           0.0036195
                1291,             0.05235,             0.07958,             0.02443,             0.96472,             0.83709,             0.88671,             0.76965,            0.043572,            0.056305,            0.018877,           0.0036145,           0.0036145,           0.0036145
                1292,            0.052499,            0.080171,             0.02448,             0.96463,             0.83705,              0.8867,             0.76969,            0.043568,            0.056284,            0.018876,           0.0036096,           0.0036096,           0.0036096
                1293,            0.052309,            0.079822,             0.02433,             0.96476,             0.83711,             0.88673,             0.76962,             0.04357,            0.056282,            0.018876,           0.0036046,           0.0036046,           0.0036046
                1294,            0.052294,            0.080149,            0.024375,             0.96458,              0.8371,             0.88669,             0.76957,            0.043572,            0.056286,            0.018875,           0.0035997,           0.0035997,           0.0035997
                1295,            0.052274,            0.079288,            0.024366,             0.96459,             0.83711,             0.88668,              0.7696,            0.043572,            0.056284,            0.018874,           0.0035947,           0.0035947,           0.0035947
                1296,            0.052249,            0.079462,            0.024316,             0.96477,             0.83716,             0.88672,             0.76955,            0.043572,            0.056281,            0.018874,           0.0035898,           0.0035898,           0.0035898
                1297,            0.052354,            0.080102,            0.024426,             0.96471,             0.83717,             0.88673,             0.76957,            0.043573,            0.056291,            0.018873,           0.0035848,           0.0035848,           0.0035848
                1298,            0.052365,            0.080231,            0.024328,             0.96481,             0.83708,             0.88669,             0.76954,            0.043571,            0.056274,            0.018872,           0.0035799,           0.0035799,           0.0035799
                1299,            0.052381,            0.080176,             0.02433,             0.96472,             0.83708,             0.88665,             0.76953,            0.043569,            0.056264,            0.018872,           0.0035749,           0.0035749,           0.0035749
                1300,            0.052205,            0.079431,            0.024275,              0.9648,             0.83708,             0.88665,             0.76961,            0.043568,            0.056262,            0.018871,             0.00357,             0.00357,             0.00357
                1301,            0.052375,            0.080231,             0.02437,             0.96466,             0.83711,             0.88663,             0.76958,            0.043567,            0.056252,             0.01887,            0.003565,            0.003565,            0.003565
                1302,            0.052174,            0.079793,            0.024259,             0.96465,             0.83717,              0.8867,             0.76957,            0.043567,            0.056268,             0.01887,           0.0035601,           0.0035601,           0.0035601
                1303,            0.052297,            0.079882,            0.024297,             0.96473,             0.83716,             0.88665,             0.76966,            0.043567,            0.056245,            0.018869,           0.0035551,           0.0035551,           0.0035551
                1304,            0.052191,            0.079721,            0.024264,             0.96472,             0.83726,             0.88667,             0.76964,            0.043567,             0.05625,            0.018869,           0.0035502,           0.0035502,           0.0035502
                1305,            0.052343,            0.079965,             0.02439,             0.96519,             0.83696,             0.88669,             0.76976,            0.043564,            0.056233,            0.018868,           0.0035452,           0.0035452,           0.0035452
                1306,            0.052297,            0.079803,            0.024319,             0.96511,             0.83704,              0.8867,             0.76984,            0.043561,            0.056217,            0.018868,           0.0035403,           0.0035403,           0.0035403
                1307,            0.052345,            0.079873,             0.02443,             0.96502,             0.83705,             0.88672,             0.76986,            0.043555,            0.056202,            0.018867,           0.0035353,           0.0035353,           0.0035353
                1308,             0.05234,            0.079845,             0.02437,               0.965,             0.83705,             0.88672,             0.76989,            0.043554,             0.05619,            0.018866,           0.0035304,           0.0035304,           0.0035304
                1309,            0.052273,            0.079736,            0.024336,             0.96472,             0.83736,             0.88676,             0.76985,            0.043551,             0.05619,            0.018866,           0.0035254,           0.0035254,           0.0035254
                1310,            0.052456,            0.080196,            0.024393,             0.96479,             0.83726,             0.88674,             0.76987,            0.043552,            0.056192,            0.018865,           0.0035205,           0.0035205,           0.0035205
                1311,            0.052367,            0.080484,            0.024332,              0.9648,             0.83725,             0.88669,             0.76984,            0.043551,            0.056184,            0.018865,           0.0035155,           0.0035155,           0.0035155
                1312,            0.052352,            0.079775,            0.024379,             0.96481,              0.8373,             0.88668,             0.76987,            0.043551,            0.056181,            0.018865,           0.0035106,           0.0035106,           0.0035106
                1313,            0.052507,            0.080215,            0.024395,             0.96467,             0.83732,             0.88665,             0.76979,             0.04355,            0.056179,            0.018865,           0.0035056,           0.0035056,           0.0035056
                1314,            0.052248,            0.079606,            0.024401,              0.9647,             0.83741,             0.88666,             0.76975,             0.04355,            0.056173,            0.018865,           0.0035007,           0.0035007,           0.0035007
                1315,            0.052361,            0.079967,            0.024366,              0.9646,             0.83738,             0.88667,             0.76984,            0.043546,            0.056161,            0.018865,           0.0034957,           0.0034957,           0.0034957
                1316,            0.052361,            0.079957,            0.024381,             0.96462,             0.83736,             0.88671,             0.76984,            0.043549,            0.056174,            0.018865,           0.0034908,           0.0034908,           0.0034908
                1317,            0.052266,            0.080459,            0.024325,             0.96476,             0.83738,              0.8867,             0.76988,            0.043548,            0.056166,            0.018864,           0.0034858,           0.0034858,           0.0034858
                1318,            0.052353,            0.079895,            0.024341,             0.96469,             0.83727,             0.88668,             0.76992,            0.043549,            0.056175,            0.018864,           0.0034809,           0.0034809,           0.0034809
                1319,            0.052189,            0.079829,            0.024279,             0.96472,             0.83729,             0.88669,              0.7699,            0.043548,            0.056166,            0.018864,           0.0034759,           0.0034759,           0.0034759
                1320,             0.05233,            0.080306,            0.024313,             0.96478,             0.83725,             0.88669,             0.76986,            0.043548,             0.05615,            0.018863,            0.003471,            0.003471,            0.003471
                1321,            0.052436,            0.080272,            0.024393,             0.96522,               0.837,             0.88667,             0.76994,            0.043544,            0.056137,            0.018863,            0.003466,            0.003466,            0.003466
                1322,            0.052216,            0.080152,            0.024359,             0.96512,             0.83702,             0.88667,             0.76989,            0.043546,            0.056133,            0.018862,           0.0034611,           0.0034611,           0.0034611
                1323,             0.05231,            0.079362,            0.024372,             0.96509,               0.837,             0.88666,             0.76994,            0.043545,            0.056121,            0.018861,           0.0034561,           0.0034561,           0.0034561
                1324,            0.052141,            0.079854,            0.024261,             0.96518,             0.83704,             0.88669,             0.76994,            0.043546,            0.056117,             0.01886,           0.0034512,           0.0034512,           0.0034512
                1325,            0.052271,            0.080545,            0.024302,             0.96566,             0.83667,             0.88663,             0.76997,            0.043545,            0.056109,             0.01886,           0.0034462,           0.0034462,           0.0034462
                1326,            0.052269,            0.080176,            0.024312,             0.96561,             0.83668,             0.88663,             0.76994,            0.043546,            0.056115,             0.01886,           0.0034413,           0.0034413,           0.0034413
                1327,            0.052431,            0.080387,            0.024385,             0.96548,              0.8367,             0.88663,             0.76995,            0.043547,            0.056109,             0.01886,           0.0034363,           0.0034363,           0.0034363
                1328,            0.052377,            0.079503,            0.024406,              0.9655,             0.83676,              0.8866,             0.77002,            0.043545,            0.056104,            0.018859,           0.0034314,           0.0034314,           0.0034314
                1329,            0.052316,            0.079726,            0.024347,             0.96586,             0.83647,             0.88663,             0.77004,            0.043545,            0.056089,             0.01886,           0.0034264,           0.0034264,           0.0034264
                1330,            0.052237,            0.079895,            0.024361,             0.96585,             0.83657,              0.8866,             0.77005,            0.043545,            0.056083,            0.018859,           0.0034215,           0.0034215,           0.0034215
                1331,            0.052194,            0.079777,            0.024271,             0.96597,             0.83663,             0.88669,             0.77008,            0.043543,            0.056085,            0.018859,           0.0034165,           0.0034165,           0.0034165
                1332,            0.052402,            0.079863,             0.02442,             0.96588,             0.83667,              0.8867,             0.77012,            0.043543,            0.056087,            0.018858,           0.0034116,           0.0034116,           0.0034116
                1333,            0.052351,            0.079912,            0.024374,             0.96589,             0.83672,              0.8867,             0.77017,             0.04354,            0.056071,            0.018857,           0.0034066,           0.0034066,           0.0034066
                1334,            0.052295,            0.079455,            0.024357,             0.96634,             0.83648,             0.88671,             0.77017,             0.04354,            0.056078,            0.018857,           0.0034017,           0.0034017,           0.0034017
                1335,            0.052374,            0.080018,            0.024403,             0.96635,             0.83646,             0.88671,             0.77019,            0.043537,             0.05606,            0.018856,           0.0033967,           0.0033967,           0.0033967
                1336,            0.052252,            0.079915,            0.024346,             0.96637,              0.8364,             0.88671,             0.77018,            0.043536,            0.056058,            0.018856,           0.0033918,           0.0033918,           0.0033918
                1337,            0.052199,              0.0798,            0.024306,             0.96587,              0.8367,             0.88673,              0.7702,            0.043539,            0.056064,            0.018855,           0.0033868,           0.0033868,           0.0033868
                1338,            0.052301,            0.079406,            0.024286,             0.96581,             0.83665,             0.88667,             0.77025,            0.043538,            0.056059,            0.018854,           0.0033819,           0.0033819,           0.0033819
                1339,             0.05222,            0.080026,            0.024279,             0.96563,              0.8367,              0.8867,             0.77027,            0.043536,            0.056056,            0.018854,           0.0033769,           0.0033769,           0.0033769
                1340,            0.052317,            0.079291,            0.024343,              0.9656,             0.83672,             0.88675,             0.77033,            0.043536,            0.056052,            0.018854,            0.003372,            0.003372,            0.003372
                1341,            0.052097,            0.078699,            0.024291,             0.96614,             0.83647,              0.8867,             0.77033,            0.043535,            0.056044,            0.018853,            0.003367,            0.003367,            0.003367
                1342,            0.052157,            0.079409,            0.024261,             0.96616,             0.83651,             0.88672,             0.77036,            0.043531,            0.056035,            0.018851,           0.0033621,           0.0033621,           0.0033621
                1343,            0.052307,            0.079723,            0.024352,             0.96613,             0.83654,             0.88675,             0.77032,            0.043531,            0.056033,            0.018851,           0.0033571,           0.0033571,           0.0033571
                1344,            0.052277,            0.079256,            0.024419,              0.9661,             0.83658,             0.88674,             0.77028,            0.043531,            0.056048,            0.018851,           0.0033522,           0.0033522,           0.0033522
                1345,            0.052145,            0.078405,              0.0243,             0.96619,             0.83649,             0.88669,             0.77025,             0.04353,            0.056033,             0.01885,           0.0033472,           0.0033472,           0.0033472
                1346,            0.052056,            0.078485,            0.024198,             0.96619,             0.83643,             0.88668,             0.77034,             0.04353,            0.056034,             0.01885,           0.0033423,           0.0033423,           0.0033423
                1347,            0.052159,            0.079109,            0.024272,              0.9662,             0.83641,             0.88671,             0.77028,             0.04353,            0.056025,            0.018849,           0.0033373,           0.0033373,           0.0033373
                1348,            0.052063,            0.079176,            0.024246,             0.96611,             0.83643,             0.88676,             0.77029,            0.043529,            0.056031,            0.018849,           0.0033323,           0.0033323,           0.0033323
                1349,            0.052198,            0.079897,            0.024292,             0.96643,              0.8362,             0.88678,             0.77032,             0.04353,            0.056033,            0.018848,           0.0033274,           0.0033274,           0.0033274
                1350,            0.052132,             0.07905,            0.024284,             0.96643,             0.83625,             0.88681,             0.77026,            0.043533,            0.056044,            0.018848,           0.0033225,           0.0033225,           0.0033225
                1351,            0.052119,            0.079167,            0.024291,             0.96654,             0.83623,             0.88678,              0.7702,            0.043532,            0.056049,            0.018847,           0.0033175,           0.0033175,           0.0033175
                1352,            0.052067,             0.07885,            0.024197,             0.96662,             0.83626,             0.88678,             0.77025,            0.043531,             0.05604,            0.018847,           0.0033126,           0.0033126,           0.0033126
                1353,            0.052136,            0.079441,            0.024277,             0.96647,             0.83631,             0.88678,             0.77027,            0.043529,            0.056021,            0.018846,           0.0033076,           0.0033076,           0.0033076
                1354,            0.052228,            0.079309,            0.024344,             0.96651,             0.83635,              0.8868,             0.77035,             0.04353,            0.056019,            0.018845,           0.0033027,           0.0033027,           0.0033027
                1355,            0.052242,            0.080038,            0.024334,             0.96653,             0.83637,             0.88683,             0.77036,            0.043531,            0.056033,            0.018844,           0.0032977,           0.0032977,           0.0032977
                1356,            0.052108,            0.079214,            0.024264,             0.96659,             0.83632,             0.88681,             0.77028,             0.04353,             0.05602,            0.018843,           0.0032928,           0.0032928,           0.0032928
                1357,            0.052195,            0.079458,            0.024324,             0.96658,             0.83626,             0.88684,             0.77019,            0.043528,            0.056006,            0.018842,           0.0032878,           0.0032878,           0.0032878
                1358,             0.05219,            0.079691,            0.024264,             0.96657,             0.83625,             0.88682,             0.77026,            0.043523,            0.055984,            0.018842,           0.0032828,           0.0032828,           0.0032828
                1359,            0.052228,             0.07853,             0.02429,              0.9666,             0.83623,             0.88681,             0.77026,            0.043522,            0.055995,            0.018842,           0.0032779,           0.0032779,           0.0032779
                1360,            0.052184,            0.079041,            0.024319,             0.96667,             0.83625,              0.8868,              0.7703,            0.043519,            0.055992,            0.018841,            0.003273,            0.003273,            0.003273
                1361,            0.051996,            0.079433,            0.024201,              0.9667,             0.83629,             0.88687,              0.7703,            0.043515,            0.055974,            0.018841,            0.003268,            0.003268,            0.003268
                1362,            0.052151,            0.079598,            0.024285,             0.96674,             0.83632,             0.88686,             0.77027,            0.043514,            0.055975,            0.018841,            0.003263,            0.003263,            0.003263
                1363,            0.052087,            0.078983,            0.024247,             0.96715,               0.836,             0.88682,             0.77022,            0.043516,            0.055989,             0.01884,           0.0032581,           0.0032581,           0.0032581
                1364,            0.052108,            0.079282,            0.024239,             0.96718,             0.83597,             0.88685,             0.77018,            0.043516,            0.055981,             0.01884,           0.0032532,           0.0032532,           0.0032532
                1365,            0.052037,            0.078992,            0.024214,             0.96717,             0.83596,             0.88686,             0.77015,            0.043511,            0.055979,            0.018839,           0.0032482,           0.0032482,           0.0032482
                1366,            0.052206,            0.079552,            0.024298,             0.96672,             0.83618,             0.88683,             0.77002,            0.043509,            0.055968,            0.018838,           0.0032433,           0.0032433,           0.0032433
                1367,             0.05224,            0.079475,            0.024386,             0.96668,             0.83624,             0.88684,             0.77005,            0.043511,            0.055971,            0.018838,           0.0032383,           0.0032383,           0.0032383
                1368,            0.052069,            0.078862,            0.024235,              0.9668,             0.83625,             0.88681,             0.77006,            0.043508,            0.055958,            0.018838,           0.0032333,           0.0032333,           0.0032333
                1369,            0.052317,            0.079355,            0.024384,             0.96671,              0.8362,             0.88678,             0.77006,            0.043504,            0.055944,            0.018838,           0.0032284,           0.0032284,           0.0032284
                1370,            0.052182,            0.079113,            0.024312,             0.96625,             0.83655,             0.88678,             0.77007,            0.043505,            0.055948,            0.018838,           0.0032235,           0.0032235,           0.0032235
                1371,            0.052016,            0.079317,            0.024177,             0.96632,             0.83658,             0.88677,             0.77004,            0.043505,            0.055949,            0.018838,           0.0032185,           0.0032185,           0.0032185
                1372,            0.052011,            0.078696,            0.024279,              0.9664,             0.83657,             0.88681,             0.77009,            0.043506,            0.055962,            0.018837,           0.0032135,           0.0032135,           0.0032135
                1373,            0.052212,            0.079274,            0.024348,              0.9661,             0.83677,              0.8868,              0.7702,            0.043498,            0.055939,            0.018836,           0.0032086,           0.0032086,           0.0032086
                1374,            0.052181,            0.078655,            0.024294,             0.96608,             0.83675,             0.88682,              0.7702,            0.043499,            0.055954,            0.018836,           0.0032037,           0.0032037,           0.0032037
                1375,            0.052195,            0.079557,            0.024334,             0.96609,             0.83673,             0.88682,             0.77024,            0.043498,            0.055943,            0.018836,           0.0031987,           0.0031987,           0.0031987
                1376,            0.052004,            0.078468,            0.024247,             0.96602,             0.83679,             0.88684,             0.77038,             0.04349,            0.055922,            0.018835,           0.0031938,           0.0031938,           0.0031938
                1377,            0.052217,            0.079404,            0.024326,             0.96605,             0.83675,             0.88687,             0.77039,            0.043488,            0.055905,            0.018834,           0.0031888,           0.0031888,           0.0031888
                1378,             0.05214,            0.079983,            0.024291,             0.96584,             0.83683,             0.88688,             0.77035,            0.043485,              0.0559,            0.018834,           0.0031839,           0.0031839,           0.0031839
                1379,            0.052091,            0.078811,            0.024224,             0.96585,             0.83684,             0.88685,             0.77039,            0.043484,            0.055908,            0.018834,           0.0031789,           0.0031789,           0.0031789
                1380,            0.052281,            0.079235,            0.024401,             0.96593,             0.83689,             0.88683,             0.77034,            0.043485,            0.055901,            0.018834,            0.003174,            0.003174,            0.003174
                1381,            0.052074,            0.079394,            0.024235,             0.96588,             0.83687,             0.88679,             0.77026,            0.043485,            0.055911,            0.018833,            0.003169,            0.003169,            0.003169
                1382,            0.052156,            0.079134,            0.024317,             0.96597,             0.83682,             0.88675,             0.77025,            0.043486,            0.055915,            0.018833,            0.003164,            0.003164,            0.003164
                1383,            0.052266,            0.079764,            0.024303,             0.96594,             0.83674,             0.88675,              0.7702,            0.043486,            0.055912,            0.018832,           0.0031591,           0.0031591,           0.0031591
                1384,            0.052062,            0.078579,             0.02427,             0.96584,             0.83684,             0.88671,             0.77021,            0.043483,             0.05589,            0.018831,           0.0031542,           0.0031542,           0.0031542
                1385,            0.051997,            0.079136,            0.024149,             0.96568,             0.83688,             0.88675,             0.77022,            0.043482,            0.055876,            0.018831,           0.0031492,           0.0031492,           0.0031492
                1386,            0.052116,            0.078904,            0.024321,             0.96575,             0.83691,             0.88675,             0.77022,             0.04348,            0.055879,             0.01883,           0.0031443,           0.0031443,           0.0031443
                1387,            0.052091,            0.078617,             0.02423,             0.96624,             0.83669,             0.88678,             0.77021,            0.043479,            0.055871,             0.01883,           0.0031393,           0.0031393,           0.0031393
                1388,            0.052104,            0.078479,            0.024269,             0.96617,             0.83672,             0.88678,             0.77034,            0.043479,            0.055875,            0.018829,           0.0031344,           0.0031344,           0.0031344
                1389,             0.05203,            0.078512,            0.024281,             0.96575,             0.83706,             0.88677,             0.77043,            0.043479,            0.055867,            0.018829,           0.0031294,           0.0031294,           0.0031294
                1390,            0.051856,            0.078608,             0.02407,             0.96613,             0.83678,             0.88676,             0.77044,             0.04348,            0.055874,            0.018828,           0.0031244,           0.0031244,           0.0031244
                1391,            0.051924,            0.078492,            0.024249,             0.96618,             0.83685,             0.88675,             0.77045,            0.043478,            0.055857,            0.018828,           0.0031195,           0.0031195,           0.0031195
                1392,            0.052127,            0.079013,            0.024408,             0.96623,             0.83679,             0.88677,             0.77055,            0.043471,            0.055835,            0.018827,           0.0031145,           0.0031145,           0.0031145
                1393,            0.052056,            0.078329,            0.024314,             0.96572,             0.83705,             0.88678,             0.77071,            0.043465,            0.055823,            0.018826,           0.0031096,           0.0031096,           0.0031096
                1394,            0.052077,            0.079321,            0.024163,             0.96586,             0.83702,             0.88685,             0.77077,            0.043465,             0.05581,            0.018826,           0.0031047,           0.0031047,           0.0031047
                1395,            0.052215,            0.078952,            0.024335,             0.96582,             0.83704,             0.88686,             0.77072,            0.043464,            0.055794,            0.018826,           0.0030997,           0.0030997,           0.0030997
                1396,            0.051987,            0.078979,            0.024218,             0.96576,             0.83703,             0.88681,             0.77079,            0.043466,            0.055809,            0.018826,           0.0030948,           0.0030948,           0.0030948
                1397,            0.052101,            0.079442,            0.024301,             0.96601,             0.83702,             0.88683,             0.77082,            0.043462,              0.0558,            0.018825,           0.0030898,           0.0030898,           0.0030898
                1398,            0.052077,            0.079173,            0.024287,             0.96603,             0.83698,             0.88678,             0.77088,             0.04346,            0.055794,            0.018824,           0.0030849,           0.0030849,           0.0030849
                1399,            0.052102,            0.078942,            0.024196,             0.96603,             0.83697,             0.88677,             0.77076,            0.043459,             0.05579,            0.018824,           0.0030799,           0.0030799,           0.0030799
                1400,            0.052088,            0.078796,            0.024221,             0.96604,             0.83696,             0.88677,             0.77075,            0.043461,            0.055778,            0.018824,            0.003075,            0.003075,            0.003075
                1401,            0.052074,            0.079214,            0.024283,             0.96591,             0.83704,             0.88677,             0.77069,            0.043459,            0.055779,            0.018824,             0.00307,             0.00307,             0.00307
                1402,            0.051879,            0.078544,            0.024215,             0.96592,             0.83711,             0.88678,              0.7707,            0.043458,            0.055773,            0.018823,            0.003065,            0.003065,            0.003065
                1403,            0.051869,            0.078613,            0.024179,              0.9659,             0.83706,             0.88676,             0.77065,            0.043459,            0.055782,            0.018822,           0.0030601,           0.0030601,           0.0030601
                1404,            0.052082,            0.078858,            0.024276,             0.96598,             0.83701,             0.88676,              0.7708,            0.043456,             0.05578,            0.018821,           0.0030551,           0.0030551,           0.0030551
                1405,            0.052075,             0.07925,            0.024234,             0.96588,               0.837,             0.88677,              0.7708,            0.043455,            0.055766,            0.018821,           0.0030502,           0.0030502,           0.0030502
                1406,            0.051936,            0.078208,             0.02417,             0.96589,             0.83702,             0.88674,             0.77078,            0.043457,            0.055779,             0.01882,           0.0030452,           0.0030452,           0.0030452
                1407,            0.052019,            0.079262,            0.024244,             0.96586,               0.837,             0.88676,             0.77082,            0.043452,            0.055768,             0.01882,           0.0030403,           0.0030403,           0.0030403
                1408,            0.052008,             0.07865,            0.024192,             0.96581,             0.83706,             0.88677,             0.77097,             0.04345,            0.055745,             0.01882,           0.0030354,           0.0030354,           0.0030354
                1409,            0.052079,            0.078935,            0.024256,             0.96585,             0.83707,             0.88679,             0.77105,            0.043445,            0.055743,            0.018819,           0.0030304,           0.0030304,           0.0030304
                1410,            0.051933,             0.07884,            0.024181,             0.96586,             0.83702,             0.88678,             0.77114,            0.043443,            0.055721,            0.018818,           0.0030255,           0.0030255,           0.0030255
                1411,            0.052078,            0.079207,            0.024283,             0.96595,             0.83704,             0.88677,             0.77121,            0.043438,            0.055704,            0.018817,           0.0030205,           0.0030205,           0.0030205
                1412,            0.051923,            0.077874,            0.024243,             0.96586,             0.83705,             0.88678,             0.77121,            0.043437,            0.055686,            0.018816,           0.0030156,           0.0030156,           0.0030156
                1413,            0.052065,             0.07931,            0.024238,             0.96594,             0.83696,             0.88677,              0.7713,            0.043434,            0.055684,            0.018816,           0.0030106,           0.0030106,           0.0030106
                1414,            0.051931,            0.078923,            0.024155,             0.96601,             0.83697,             0.88679,             0.77126,            0.043435,            0.055677,            0.018815,           0.0030056,           0.0030056,           0.0030056
                1415,            0.051917,            0.078472,            0.024168,             0.96607,              0.8369,             0.88684,              0.7713,            0.043434,            0.055682,            0.018814,           0.0030007,           0.0030007,           0.0030007
                1416,            0.051908,            0.078303,            0.024159,             0.96593,             0.83698,              0.8868,             0.77126,            0.043435,            0.055699,            0.018814,           0.0029957,           0.0029957,           0.0029957
                1417,            0.051931,            0.078028,            0.024214,             0.96653,             0.83678,             0.88682,             0.77128,            0.043435,            0.055678,            0.018813,           0.0029908,           0.0029908,           0.0029908
                1418,            0.051888,            0.078551,            0.024184,             0.96607,             0.83699,              0.8868,             0.77127,            0.043429,            0.055672,            0.018813,           0.0029858,           0.0029858,           0.0029858
                1419,            0.051989,            0.078436,            0.024256,             0.96605,             0.83697,              0.8868,             0.77127,            0.043427,            0.055661,            0.018813,           0.0029809,           0.0029809,           0.0029809
                1420,            0.051942,             0.07857,            0.024178,             0.96599,             0.83696,             0.88685,             0.77121,            0.043426,            0.055653,            0.018813,            0.002976,            0.002976,            0.002976
                1421,            0.051893,             0.07885,            0.024204,             0.96588,               0.837,             0.88682,             0.77119,            0.043425,            0.055641,            0.018812,            0.002971,            0.002971,            0.002971
                1422,            0.051903,            0.078802,            0.024117,             0.96591,             0.83709,             0.88679,              0.7712,             0.04342,            0.055634,            0.018811,           0.0029661,           0.0029661,           0.0029661
                1423,            0.051971,              0.0788,            0.024266,             0.96578,             0.83705,             0.88679,             0.77118,            0.043419,            0.055633,            0.018811,           0.0029611,           0.0029611,           0.0029611
                1424,            0.052101,            0.079083,             0.02429,             0.96588,             0.83708,             0.88682,              0.7712,            0.043418,            0.055631,             0.01881,           0.0029561,           0.0029561,           0.0029561
                1425,            0.051994,            0.079312,            0.024152,             0.96586,             0.83703,             0.88677,             0.77122,            0.043419,            0.055638,             0.01881,           0.0029512,           0.0029512,           0.0029512
                1426,            0.051976,            0.078371,            0.024253,             0.96579,             0.83698,             0.88676,             0.77124,            0.043419,            0.055634,            0.018809,           0.0029462,           0.0029462,           0.0029462
                1427,            0.051875,            0.078381,            0.024164,             0.96548,             0.83725,             0.88678,             0.77119,            0.043417,            0.055616,            0.018809,           0.0029413,           0.0029413,           0.0029413
                1428,            0.051937,            0.079229,            0.024174,             0.96588,               0.837,              0.8868,             0.77133,            0.043411,              0.0556,            0.018808,           0.0029363,           0.0029363,           0.0029363
                1429,            0.051865,             0.07784,            0.024168,             0.96568,             0.83703,             0.88682,             0.77139,            0.043407,            0.055583,            0.018808,           0.0029314,           0.0029314,           0.0029314
                1430,             0.05206,            0.078306,            0.024294,             0.96559,             0.83707,             0.88684,             0.77139,            0.043407,            0.055585,            0.018807,           0.0029265,           0.0029265,           0.0029265
                1431,             0.05175,            0.078619,             0.02406,             0.96547,             0.83717,             0.88685,             0.77142,            0.043403,            0.055573,            0.018806,           0.0029215,           0.0029215,           0.0029215
                1432,             0.05182,            0.078171,            0.024167,             0.96543,             0.83719,             0.88685,              0.7715,            0.043402,            0.055567,            0.018805,           0.0029165,           0.0029165,           0.0029165
                1433,            0.051776,            0.078013,             0.02407,             0.96548,             0.83718,             0.88686,              0.7716,            0.043401,             0.05556,            0.018805,           0.0029116,           0.0029116,           0.0029116
                1434,            0.051923,            0.078968,            0.024211,             0.96554,             0.83718,             0.88688,             0.77161,            0.043401,            0.055559,            0.018804,           0.0029067,           0.0029067,           0.0029067
                1435,            0.051807,             0.07773,            0.024177,             0.96547,             0.83717,             0.88689,             0.77155,            0.043402,             0.05555,            0.018804,           0.0029017,           0.0029017,           0.0029017
                1436,            0.051783,            0.078252,            0.024068,             0.96551,             0.83712,             0.88684,             0.77152,            0.043401,            0.055547,            0.018803,           0.0028967,           0.0028967,           0.0028967
                1437,            0.051862,            0.077968,            0.024153,             0.96515,             0.83736,             0.88682,             0.77157,            0.043402,            0.055539,            0.018803,           0.0028918,           0.0028918,           0.0028918
                1438,            0.051955,            0.078302,            0.024244,             0.96572,             0.83704,             0.88683,             0.77158,            0.043401,             0.05553,            0.018803,           0.0028868,           0.0028868,           0.0028868
                1439,            0.051948,            0.078353,            0.024241,             0.96526,             0.83727,             0.88681,             0.77159,            0.043396,            0.055519,            0.018802,           0.0028819,           0.0028819,           0.0028819
                1440,            0.051997,            0.077268,            0.024302,             0.96539,             0.83728,             0.88688,             0.77171,            0.043395,            0.055528,            0.018802,           0.0028769,           0.0028769,           0.0028769
                1441,            0.051877,             0.07835,            0.024161,             0.96532,              0.8373,             0.88686,             0.77182,            0.043395,            0.055507,            0.018801,            0.002872,            0.002872,            0.002872
                1442,            0.052029,            0.079368,              0.0243,             0.96545,             0.83728,             0.88686,             0.77173,            0.043395,            0.055512,            0.018801,            0.002867,            0.002867,            0.002867
                1443,            0.051833,            0.078372,            0.024135,              0.9655,             0.83729,             0.88689,             0.77184,            0.043394,            0.055504,              0.0188,           0.0028621,           0.0028621,           0.0028621
                1444,            0.051876,            0.077849,            0.024231,             0.96544,             0.83727,             0.88685,             0.77192,            0.043393,            0.055508,            0.018799,           0.0028572,           0.0028572,           0.0028572
                1445,            0.051805,             0.07774,            0.024108,             0.96499,              0.8375,             0.88688,             0.77193,            0.043392,              0.0555,            0.018798,           0.0028522,           0.0028522,           0.0028522
                1446,             0.05184,            0.078748,            0.024162,             0.96513,             0.83745,             0.88688,             0.77206,            0.043385,            0.055496,            0.018798,           0.0028472,           0.0028472,           0.0028472
                1447,            0.051813,            0.078302,            0.024151,             0.96519,             0.83745,             0.88692,              0.7721,            0.043385,            0.055492,            0.018798,           0.0028423,           0.0028423,           0.0028423
                1448,            0.051835,            0.077965,            0.024115,             0.96512,             0.83741,             0.88692,             0.77207,            0.043384,            0.055489,            0.018797,           0.0028373,           0.0028373,           0.0028373
                1449,            0.051908,            0.078222,             0.02421,             0.96505,             0.83736,             0.88693,             0.77203,            0.043382,            0.055487,            0.018796,           0.0028324,           0.0028324,           0.0028324
                1450,            0.051781,            0.078112,            0.024107,             0.96506,             0.83738,             0.88692,             0.77206,            0.043377,            0.055462,            0.018796,           0.0028274,           0.0028274,           0.0028274
                1451,            0.051808,             0.07836,            0.024158,             0.96512,             0.83735,             0.88688,             0.77207,            0.043376,            0.055473,            0.018795,           0.0028225,           0.0028225,           0.0028225
                1452,            0.051836,            0.078306,            0.024129,             0.96525,             0.83733,             0.88688,             0.77215,            0.043376,            0.055473,            0.018794,           0.0028175,           0.0028175,           0.0028175
                1453,            0.051766,            0.077751,            0.024091,             0.96468,             0.83754,             0.88687,             0.77205,            0.043373,            0.055466,            0.018794,           0.0028126,           0.0028126,           0.0028126
                1454,            0.051883,            0.078508,            0.024236,              0.9653,             0.83726,             0.88685,             0.77204,            0.043373,            0.055466,            0.018793,           0.0028077,           0.0028077,           0.0028077
                1455,            0.051785,            0.078118,            0.024134,              0.9646,             0.83753,             0.88686,               0.772,            0.043373,            0.055471,            0.018792,           0.0028027,           0.0028027,           0.0028027
                1456,            0.051889,            0.078267,            0.024186,             0.96465,             0.83751,             0.88685,             0.77205,            0.043374,            0.055463,            0.018792,           0.0027977,           0.0027977,           0.0027977
                1457,             0.05188,            0.078203,            0.024206,             0.96526,             0.83729,              0.8869,              0.7721,            0.043372,            0.055462,            0.018791,           0.0027928,           0.0027928,           0.0027928
                1458,            0.051936,            0.078019,            0.024246,             0.96508,             0.83726,             0.88689,             0.77222,            0.043371,            0.055438,             0.01879,           0.0027878,           0.0027878,           0.0027878
                1459,            0.051936,            0.078299,            0.024244,              0.9653,             0.83722,             0.88689,             0.77237,             0.04336,              0.0554,             0.01879,           0.0027829,           0.0027829,           0.0027829
                1460,            0.051746,            0.077737,            0.024143,             0.96516,             0.83722,             0.88691,             0.77242,            0.043355,            0.055392,            0.018789,           0.0027779,           0.0027779,           0.0027779
                1461,            0.051941,            0.078401,            0.024255,             0.96453,             0.83752,             0.88686,              0.7724,            0.043354,            0.055398,            0.018788,            0.002773,            0.002773,            0.002773
                1462,            0.051851,             0.07799,            0.024177,             0.96449,             0.83751,             0.88685,              0.7725,            0.043351,            0.055389,            0.018788,            0.002768,            0.002768,            0.002768
                1463,            0.051808,            0.078392,            0.024122,             0.96454,             0.83757,             0.88687,             0.77248,            0.043352,            0.055391,            0.018788,           0.0027631,           0.0027631,           0.0027631
                1464,            0.051835,            0.078004,            0.024203,              0.9646,             0.83757,             0.88687,             0.77254,            0.043353,            0.055388,            0.018787,           0.0027582,           0.0027582,           0.0027582
                1465,            0.051987,            0.078071,             0.02425,             0.96454,              0.8376,             0.88688,             0.77258,            0.043349,            0.055368,            0.018787,           0.0027532,           0.0027532,           0.0027532
                1466,            0.051851,            0.077897,            0.024195,             0.96447,             0.83753,             0.88684,             0.77263,             0.04335,            0.055385,            0.018787,           0.0027482,           0.0027482,           0.0027482
                1467,            0.051739,            0.078458,            0.024095,             0.96447,             0.83752,             0.88683,             0.77259,            0.043351,            0.055381,            0.018786,           0.0027433,           0.0027433,           0.0027433
                1468,            0.051895,            0.078388,            0.024204,             0.96445,             0.83741,             0.88681,             0.77266,             0.04335,            0.055361,            0.018785,           0.0027383,           0.0027383,           0.0027383
                1469,            0.051875,            0.078632,            0.024211,             0.96449,             0.83749,             0.88683,             0.77267,            0.043349,            0.055366,            0.018785,           0.0027334,           0.0027334,           0.0027334
                1470,            0.051756,              0.0778,             0.02417,             0.96443,             0.83748,             0.88682,             0.77263,             0.04335,            0.055363,            0.018784,           0.0027284,           0.0027284,           0.0027284
                1471,            0.052022,            0.078553,            0.024298,             0.96437,              0.8374,             0.88682,             0.77257,            0.043351,            0.055375,            0.018784,           0.0027235,           0.0027235,           0.0027235
                1472,            0.051825,            0.077904,            0.024173,             0.96455,             0.83745,             0.88684,             0.77257,            0.043352,            0.055369,            0.018783,           0.0027185,           0.0027185,           0.0027185
                1473,            0.051765,             0.07789,            0.024081,             0.96455,             0.83736,             0.88683,             0.77256,            0.043351,            0.055365,            0.018783,           0.0027136,           0.0027136,           0.0027136
                1474,            0.051596,            0.077717,            0.024032,             0.96445,             0.83746,             0.88681,             0.77258,            0.043351,            0.055365,            0.018783,           0.0027086,           0.0027086,           0.0027086
                1475,            0.051741,            0.078697,            0.024115,             0.96439,             0.83754,             0.88682,             0.77256,            0.043346,            0.055352,            0.018782,           0.0027037,           0.0027037,           0.0027037
                1476,            0.051772,            0.078147,            0.024171,              0.9649,             0.83728,             0.88682,              0.7726,            0.043346,            0.055348,            0.018781,           0.0026987,           0.0026987,           0.0026987
                1477,            0.051773,            0.078524,            0.024095,             0.96442,             0.83755,             0.88682,             0.77258,            0.043344,            0.055336,             0.01878,           0.0026938,           0.0026938,           0.0026938
                1478,            0.051889,            0.077781,            0.024224,             0.96434,             0.83752,             0.88681,             0.77258,            0.043344,            0.055342,             0.01878,           0.0026889,           0.0026889,           0.0026889
                1479,            0.051914,            0.078329,            0.024235,             0.96497,             0.83712,             0.88681,             0.77257,            0.043344,            0.055331,            0.018779,           0.0026839,           0.0026839,           0.0026839
                1480,            0.051728,            0.077466,            0.024095,             0.96512,             0.83715,             0.88681,             0.77262,             0.04334,            0.055318,            0.018778,           0.0026789,           0.0026789,           0.0026789
                1481,            0.051809,            0.077779,            0.024151,             0.96507,             0.83722,              0.8868,             0.77268,            0.043337,            0.055303,            0.018778,            0.002674,            0.002674,            0.002674
                1482,            0.051609,            0.077107,             0.02405,             0.96493,              0.8372,             0.88684,             0.77273,            0.043334,            0.055292,            0.018777,            0.002669,            0.002669,            0.002669
                1483,            0.051624,             0.07802,            0.023992,             0.96551,             0.83695,             0.88683,             0.77266,            0.043332,            0.055273,            0.018776,           0.0026641,           0.0026641,           0.0026641
                1484,            0.051575,            0.077436,            0.024007,             0.96547,             0.83699,             0.88681,             0.77271,            0.043332,            0.055265,            0.018776,           0.0026591,           0.0026591,           0.0026591
                1485,             0.05179,            0.078215,            0.024115,             0.96536,             0.83703,             0.88688,             0.77282,            0.043331,             0.05525,            0.018776,           0.0026542,           0.0026542,           0.0026542
                1486,            0.051563,            0.077477,            0.024041,             0.96532,             0.83708,             0.88689,             0.77285,            0.043328,            0.055238,            0.018776,           0.0026492,           0.0026492,           0.0026492
                1487,            0.051846,            0.077573,            0.024188,             0.96529,             0.83709,             0.88688,             0.77281,            0.043326,            0.055217,            0.018775,           0.0026443,           0.0026443,           0.0026443
                1488,            0.051845,            0.077349,              0.0242,             0.96525,             0.83715,             0.88689,             0.77291,            0.043323,            0.055187,            0.018775,           0.0026393,           0.0026393,           0.0026393
                1489,            0.051652,            0.077234,             0.02406,             0.96521,             0.83709,              0.8869,             0.77287,            0.043321,            0.055189,            0.018774,           0.0026344,           0.0026344,           0.0026344
                1490,             0.05168,            0.076757,            0.024111,             0.96518,             0.83707,             0.88691,             0.77294,             0.04332,             0.05515,            0.018774,           0.0026294,           0.0026294,           0.0026294
                1491,            0.051636,            0.077201,            0.024067,             0.96519,             0.83705,             0.88693,             0.77292,            0.043316,            0.055142,            0.018773,           0.0026245,           0.0026245,           0.0026245
                1492,             0.05162,            0.078027,            0.024092,             0.96516,             0.83705,             0.88692,             0.77298,            0.043315,            0.055126,            0.018773,           0.0026195,           0.0026195,           0.0026195
                1493,            0.051638,            0.077856,            0.024091,             0.96524,             0.83704,             0.88692,             0.77296,            0.043317,            0.055122,            0.018772,           0.0026146,           0.0026146,           0.0026146
                1494,             0.05168,            0.077638,            0.024104,             0.96527,             0.83712,             0.88689,             0.77296,            0.043315,            0.055091,            0.018772,           0.0026096,           0.0026096,           0.0026096
                1495,            0.051747,            0.077939,             0.02418,             0.96533,             0.83717,             0.88695,             0.77299,            0.043315,            0.055101,            0.018771,           0.0026047,           0.0026047,           0.0026047
                1496,              0.0517,            0.078337,            0.024115,              0.9654,             0.83709,             0.88694,             0.77307,            0.043307,             0.05507,             0.01877,           0.0025997,           0.0025997,           0.0025997
                1497,            0.051855,            0.076878,            0.024202,             0.96543,             0.83707,             0.88693,             0.77316,            0.043303,            0.055062,             0.01877,           0.0025948,           0.0025948,           0.0025948
                1498,            0.051736,            0.078145,             0.02415,             0.96541,             0.83714,             0.88695,             0.77313,            0.043302,            0.055057,             0.01877,           0.0025898,           0.0025898,           0.0025898
                1499,            0.051677,            0.077303,            0.024183,             0.96537,             0.83714,             0.88693,             0.77321,            0.043299,            0.055046,            0.018769,           0.0025849,           0.0025849,           0.0025849
                1500,            0.051638,            0.077186,            0.024061,             0.96552,             0.83705,             0.88694,             0.77312,            0.043301,            0.055046,            0.018768,           0.0025799,           0.0025799,           0.0025799
                1501,            0.051665,            0.077482,            0.024093,             0.96574,             0.83706,             0.88693,             0.77313,              0.0433,            0.055041,            0.018768,            0.002575,            0.002575,            0.002575
                1502,            0.051593,             0.07704,            0.024054,             0.96569,             0.83699,             0.88695,              0.7732,            0.043301,            0.055043,            0.018767,           0.0025701,           0.0025701,           0.0025701
                1503,            0.051651,            0.077566,            0.024057,              0.9652,             0.83728,             0.88695,             0.77319,            0.043298,             0.05502,            0.018767,           0.0025651,           0.0025651,           0.0025651
                1504,            0.051594,             0.07774,            0.024082,             0.96574,             0.83695,             0.88694,             0.77332,            0.043297,            0.055013,            0.018766,           0.0025602,           0.0025602,           0.0025602
                1505,             0.05159,            0.077556,             0.02403,             0.96576,             0.83697,             0.88694,             0.77331,            0.043296,               0.055,            0.018766,           0.0025552,           0.0025552,           0.0025552
                1506,            0.051587,            0.077836,            0.024045,              0.9658,             0.83694,             0.88691,              0.7733,            0.043298,            0.054995,            0.018765,           0.0025503,           0.0025503,           0.0025503
                1507,            0.051619,            0.077441,            0.024057,             0.96581,             0.83702,             0.88687,             0.77328,              0.0433,            0.055002,            0.018765,           0.0025453,           0.0025453,           0.0025453
                1508,            0.051597,            0.077627,            0.024091,             0.96592,             0.83703,             0.88689,             0.77334,            0.043302,            0.054999,            0.018765,           0.0025404,           0.0025404,           0.0025404
                1509,             0.05149,            0.077246,            0.023994,             0.96585,               0.837,             0.88693,              0.7734,            0.043301,            0.054983,            0.018764,           0.0025354,           0.0025354,           0.0025354
                1510,            0.051567,            0.077566,            0.023997,             0.96578,             0.83698,             0.88693,             0.77344,            0.043302,            0.054977,            0.018763,           0.0025305,           0.0025305,           0.0025305
                1511,            0.051674,            0.077735,             0.02412,              0.9659,               0.837,             0.88693,             0.77353,            0.043298,            0.054981,            0.018763,           0.0025255,           0.0025255,           0.0025255
                1512,            0.051755,            0.077154,             0.02422,             0.96646,             0.83672,             0.88691,             0.77357,            0.043298,            0.054973,            0.018762,           0.0025206,           0.0025206,           0.0025206
                1513,            0.051669,            0.077218,            0.024078,             0.96639,             0.83673,             0.88689,              0.7736,            0.043299,            0.054973,            0.018761,           0.0025156,           0.0025156,           0.0025156
                1514,            0.051593,            0.076744,            0.024074,             0.96639,              0.8368,             0.88691,             0.77358,            0.043298,            0.054966,            0.018761,           0.0025107,           0.0025107,           0.0025107
                1515,            0.051627,            0.077488,            0.024073,             0.96623,             0.83681,              0.8869,             0.77366,            0.043295,            0.054946,             0.01876,           0.0025057,           0.0025057,           0.0025057
                1516,            0.051627,             0.07706,            0.024113,             0.96621,             0.83683,             0.88687,             0.77363,            0.043291,            0.054941,            0.018759,           0.0025008,           0.0025008,           0.0025008
                1517,             0.05166,            0.077575,            0.024115,             0.96668,             0.83665,             0.88689,              0.7736,             0.04329,            0.054933,            0.018759,           0.0024958,           0.0024958,           0.0024958
                1518,            0.051622,            0.077436,            0.024139,              0.9661,             0.83697,             0.88694,             0.77355,            0.043291,            0.054937,            0.018759,           0.0024909,           0.0024909,           0.0024909
                1519,            0.051504,            0.077539,            0.024073,             0.96619,              0.8369,             0.88696,             0.77352,            0.043287,            0.054928,            0.018758,           0.0024859,           0.0024859,           0.0024859
                1520,            0.051677,             0.07708,            0.024142,             0.96619,              0.8369,             0.88695,             0.77358,            0.043287,            0.054916,            0.018757,            0.002481,            0.002481,            0.002481
                1521,            0.051577,            0.077638,            0.024088,             0.96619,             0.83697,             0.88697,             0.77365,            0.043284,            0.054911,            0.018756,            0.002476,            0.002476,            0.002476
                1522,            0.051594,            0.077559,            0.024045,             0.96572,             0.83724,             0.88699,             0.77367,            0.043285,            0.054918,            0.018755,           0.0024711,           0.0024711,           0.0024711
                1523,            0.051655,            0.077336,            0.024126,             0.96577,             0.83715,             0.88698,             0.77378,            0.043279,            0.054904,            0.018755,           0.0024661,           0.0024661,           0.0024661
                1524,            0.051625,             0.07777,            0.024084,             0.96629,             0.83689,              0.8869,             0.77378,            0.043279,              0.0549,            0.018755,           0.0024612,           0.0024612,           0.0024612
                1525,            0.051454,            0.076905,            0.023987,             0.96637,             0.83686,              0.8869,             0.77383,            0.043278,            0.054877,            0.018754,           0.0024562,           0.0024562,           0.0024562
                1526,             0.05154,            0.077206,            0.024046,             0.96638,              0.8368,              0.8869,             0.77377,             0.04328,            0.054883,            0.018753,           0.0024513,           0.0024513,           0.0024513
                1527,            0.051663,            0.077114,            0.024116,              0.9665,             0.83672,             0.88685,             0.77375,            0.043282,            0.054889,            0.018753,           0.0024463,           0.0024463,           0.0024463
                1528,            0.051488,            0.077446,            0.023967,             0.96645,             0.83673,             0.88692,              0.7737,            0.043282,            0.054899,            0.018752,           0.0024414,           0.0024414,           0.0024414
                1529,            0.051639,            0.077644,            0.024122,             0.96645,             0.83684,             0.88691,             0.77364,            0.043282,            0.054884,            0.018752,           0.0024364,           0.0024364,           0.0024364
                1530,            0.051566,            0.076717,            0.024092,             0.96643,              0.8368,             0.88691,             0.77361,            0.043281,            0.054869,            0.018751,           0.0024315,           0.0024315,           0.0024315
                1531,            0.051619,             0.07771,            0.024129,             0.96648,             0.83682,             0.88684,              0.7737,             0.04328,            0.054862,            0.018751,           0.0024265,           0.0024265,           0.0024265
                1532,            0.051619,            0.077352,            0.024052,             0.96651,             0.83673,             0.88686,             0.77372,            0.043278,            0.054869,             0.01875,           0.0024216,           0.0024216,           0.0024216
                1533,            0.051495,            0.076531,            0.024018,             0.96607,               0.837,             0.88686,             0.77382,            0.043274,            0.054843,             0.01875,           0.0024166,           0.0024166,           0.0024166
                1534,            0.051555,             0.07702,            0.024104,             0.96601,             0.83702,             0.88686,             0.77387,            0.043275,            0.054841,            0.018749,           0.0024117,           0.0024117,           0.0024117
                1535,            0.051395,            0.077022,            0.023967,             0.96617,             0.83697,             0.88686,             0.77387,            0.043274,            0.054826,            0.018749,           0.0024067,           0.0024067,           0.0024067
                1536,            0.051406,            0.077092,            0.023957,             0.96614,             0.83701,             0.88686,             0.77396,             0.04327,            0.054828,            0.018749,           0.0024018,           0.0024018,           0.0024018
                1537,            0.051549,            0.077029,            0.024077,             0.96621,             0.83705,             0.88688,             0.77397,            0.043265,            0.054809,            0.018748,           0.0023968,           0.0023968,           0.0023968
                1538,            0.051598,            0.077521,            0.024071,             0.96616,             0.83704,             0.88686,             0.77394,            0.043267,            0.054806,            0.018747,           0.0023919,           0.0023919,           0.0023919
                1539,            0.051586,            0.076556,            0.024099,              0.9663,             0.83698,             0.88685,             0.77398,            0.043265,            0.054796,            0.018746,           0.0023869,           0.0023869,           0.0023869
                1540,            0.051427,            0.076443,            0.023964,             0.96626,               0.837,             0.88686,             0.77392,            0.043266,            0.054792,            0.018746,            0.002382,            0.002382,            0.002382
                1541,            0.051511,            0.076846,            0.023997,             0.96626,             0.83698,             0.88685,             0.77397,            0.043266,            0.054787,            0.018746,            0.002377,            0.002377,            0.002377
                1542,            0.051431,             0.07616,             0.02396,             0.96629,             0.83709,             0.88689,               0.774,            0.043263,            0.054769,            0.018745,           0.0023721,           0.0023721,           0.0023721
                1543,            0.051421,            0.077049,            0.024024,             0.96676,             0.83682,             0.88688,             0.77411,            0.043264,            0.054762,            0.018745,           0.0023671,           0.0023671,           0.0023671
                1544,            0.051515,            0.077362,            0.024029,             0.96685,             0.83683,             0.88689,             0.77408,            0.043262,            0.054744,            0.018744,           0.0023622,           0.0023622,           0.0023622
                1545,            0.051531,            0.076792,            0.024043,               0.967,             0.83681,             0.88689,             0.77409,            0.043262,            0.054747,            0.018743,           0.0023572,           0.0023572,           0.0023572
                1546,            0.051546,            0.077555,            0.024085,             0.96699,             0.83681,             0.88691,             0.77406,            0.043262,            0.054737,            0.018743,           0.0023523,           0.0023523,           0.0023523
                1547,            0.051432,            0.076498,             0.02402,             0.96702,             0.83677,             0.88689,             0.77421,            0.043254,            0.054739,            0.018743,           0.0023473,           0.0023473,           0.0023473
                1548,            0.051426,            0.076719,            0.024036,             0.96694,             0.83673,             0.88691,             0.77421,            0.043253,            0.054726,            0.018742,           0.0023424,           0.0023424,           0.0023424
                1549,            0.051467,            0.076464,            0.024005,             0.96703,             0.83675,             0.88692,             0.77423,            0.043253,            0.054727,            0.018742,           0.0023374,           0.0023374,           0.0023374
                1550,            0.051533,            0.076898,            0.024082,             0.96699,             0.83676,             0.88691,             0.77426,            0.043253,            0.054713,            0.018741,           0.0023325,           0.0023325,           0.0023325
                1551,            0.051451,            0.076055,            0.024001,             0.96707,              0.8368,             0.88688,             0.77434,            0.043251,            0.054709,             0.01874,           0.0023275,           0.0023275,           0.0023275
                1552,            0.051594,            0.077069,            0.024083,             0.96709,             0.83686,             0.88691,             0.77425,            0.043252,            0.054708,             0.01874,           0.0023226,           0.0023226,           0.0023226
                1553,            0.051479,            0.077623,            0.024001,             0.96702,             0.83687,              0.8869,             0.77434,            0.043251,            0.054693,            0.018739,           0.0023176,           0.0023176,           0.0023176
                1554,            0.051482,            0.076803,             0.02401,             0.96708,             0.83685,             0.88691,             0.77433,             0.04325,            0.054683,            0.018739,           0.0023127,           0.0023127,           0.0023127
                1555,             0.05143,            0.077263,            0.024015,             0.96709,             0.83692,              0.8869,             0.77433,             0.04325,            0.054684,            0.018738,           0.0023077,           0.0023077,           0.0023077
                1556,            0.051347,            0.076873,            0.023949,             0.96715,             0.83688,             0.88691,             0.77424,            0.043253,            0.054687,            0.018737,           0.0023028,           0.0023028,           0.0023028
                1557,            0.051696,            0.077626,            0.024193,              0.9672,             0.83685,             0.88689,             0.77427,            0.043252,             0.05469,            0.018737,           0.0022978,           0.0022978,           0.0022978
                1558,             0.05161,            0.077168,             0.02415,             0.96723,             0.83689,             0.88691,             0.77425,            0.043253,            0.054682,            0.018737,           0.0022929,           0.0022929,           0.0022929
                1559,            0.051458,            0.076754,            0.024002,              0.9672,             0.83695,             0.88693,             0.77423,             0.04325,            0.054684,            0.018737,           0.0022879,           0.0022879,           0.0022879
                1560,            0.051542,            0.076927,            0.024071,             0.96713,             0.83689,              0.8869,              0.7742,            0.043251,            0.054683,            0.018737,            0.002283,            0.002283,            0.002283
                1561,            0.051416,            0.076839,            0.024013,             0.96714,             0.83686,             0.88686,             0.77425,            0.043246,            0.054659,            0.018736,            0.002278,            0.002278,            0.002278
                1562,            0.051575,            0.076749,            0.024161,             0.96709,             0.83686,              0.8869,             0.77426,            0.043242,            0.054661,            0.018736,           0.0022731,           0.0022731,           0.0022731
                1563,            0.051451,            0.077108,            0.024004,             0.96709,             0.83682,             0.88691,             0.77418,            0.043246,             0.05467,            0.018736,           0.0022681,           0.0022681,           0.0022681
                1564,            0.051505,            0.076926,            0.024105,             0.96704,             0.83688,             0.88689,             0.77419,            0.043247,            0.054662,            0.018735,           0.0022632,           0.0022632,           0.0022632
                1565,            0.051661,            0.076288,            0.024161,             0.96737,             0.83671,             0.88692,             0.77422,            0.043247,             0.05467,            0.018735,           0.0022582,           0.0022582,           0.0022582
                1566,            0.051496,            0.076433,            0.024084,             0.96743,             0.83668,              0.8869,             0.77421,            0.043247,            0.054662,            0.018735,           0.0022533,           0.0022533,           0.0022533
                1567,            0.051344,            0.076707,            0.023986,             0.96752,             0.83663,             0.88685,              0.7743,            0.043246,            0.054662,            0.018734,           0.0022483,           0.0022483,           0.0022483
                1568,            0.051475,            0.076334,            0.024056,             0.96741,             0.83657,             0.88686,              0.7743,            0.043244,            0.054648,            0.018733,           0.0022434,           0.0022434,           0.0022434
                1569,            0.051491,            0.076795,            0.024088,             0.96749,             0.83654,             0.88687,             0.77436,            0.043244,            0.054646,            0.018733,           0.0022384,           0.0022384,           0.0022384
                1570,            0.051444,            0.076143,             0.02406,             0.96765,             0.83652,              0.8869,             0.77437,            0.043246,            0.054637,            0.018733,           0.0022335,           0.0022335,           0.0022335
                1571,            0.051419,            0.076631,            0.024021,             0.96765,             0.83649,              0.8869,              0.7743,            0.043246,            0.054639,            0.018733,           0.0022285,           0.0022285,           0.0022285
                1572,             0.05148,            0.076915,            0.024058,             0.96765,             0.83655,             0.88689,             0.77431,            0.043246,            0.054641,            0.018732,           0.0022236,           0.0022236,           0.0022236
                1573,            0.051256,            0.076454,            0.023957,             0.96763,             0.83657,              0.8869,             0.77431,            0.043245,            0.054631,            0.018731,           0.0022186,           0.0022186,           0.0022186
                1574,            0.051378,            0.076338,            0.023979,             0.96718,              0.8368,             0.88686,              0.7743,            0.043243,            0.054617,            0.018731,           0.0022137,           0.0022137,           0.0022137
                1575,            0.051356,            0.076303,            0.023989,             0.96735,             0.83676,             0.88688,             0.77431,            0.043242,            0.054612,             0.01873,           0.0022087,           0.0022087,           0.0022087
                1576,            0.051305,            0.076196,            0.023989,             0.96719,             0.83676,             0.88687,              0.7743,            0.043241,            0.054622,             0.01873,           0.0022038,           0.0022038,           0.0022038
                1577,            0.051409,            0.076066,            0.024022,             0.96722,             0.83669,             0.88683,             0.77425,             0.04324,            0.054617,            0.018729,           0.0021988,           0.0021988,           0.0021988
                1578,            0.051319,            0.076293,            0.023978,             0.96725,             0.83666,             0.88681,              0.7743,            0.043238,            0.054621,            0.018729,           0.0021939,           0.0021939,           0.0021939
                1579,            0.051377,              0.0762,            0.024009,             0.96719,              0.8367,             0.88682,              0.7743,            0.043235,            0.054628,            0.018729,           0.0021889,           0.0021889,           0.0021889
                1580,            0.051361,            0.075994,             0.02401,             0.96737,             0.83672,             0.88684,             0.77424,            0.043238,            0.054637,            0.018728,            0.002184,            0.002184,            0.002184
                1581,            0.051411,            0.076356,            0.024053,              0.9673,             0.83674,             0.88684,             0.77411,            0.043235,            0.054646,            0.018728,            0.002179,            0.002179,            0.002179
                1582,            0.051264,            0.076298,            0.023897,             0.96738,             0.83679,             0.88679,             0.77406,            0.043236,             0.05464,            0.018727,           0.0021741,           0.0021741,           0.0021741
                1583,            0.051298,            0.076281,             0.02394,             0.96732,             0.83682,             0.88677,             0.77409,            0.043233,             0.05464,            0.018727,           0.0021691,           0.0021691,           0.0021691
                1584,            0.051394,            0.076239,            0.024001,             0.96724,             0.83688,             0.88677,             0.77406,            0.043232,            0.054629,            0.018726,           0.0021642,           0.0021642,           0.0021642
                1585,            0.051382,            0.076089,            0.023988,             0.96721,             0.83688,             0.88673,             0.77407,             0.04323,            0.054617,            0.018726,           0.0021592,           0.0021592,           0.0021592
                1586,            0.051268,            0.076529,            0.023931,              0.9672,             0.83683,             0.88671,             0.77415,            0.043229,            0.054624,            0.018725,           0.0021543,           0.0021543,           0.0021543
                1587,            0.051293,            0.075751,             0.02399,             0.96717,             0.83684,              0.8867,              0.7743,            0.043225,            0.054601,            0.018724,           0.0021493,           0.0021493,           0.0021493
                1588,             0.05144,            0.076145,            0.024126,             0.96728,              0.8368,             0.88671,              0.7744,            0.043222,            0.054591,            0.018723,           0.0021444,           0.0021444,           0.0021444
                1589,            0.051373,            0.075975,            0.024016,             0.96727,              0.8368,             0.88671,             0.77436,             0.04322,            0.054582,            0.018722,           0.0021394,           0.0021394,           0.0021394
                1590,            0.051344,             0.07613,             0.02397,             0.96784,             0.83656,             0.88673,             0.77438,            0.043219,            0.054568,            0.018722,           0.0021345,           0.0021345,           0.0021345
                1591,            0.051415,            0.076268,            0.024069,             0.96777,             0.83664,              0.8867,             0.77433,             0.04322,            0.054571,            0.018721,           0.0021295,           0.0021295,           0.0021295
                1592,             0.05122,            0.076402,            0.023904,              0.9678,             0.83662,             0.88674,              0.7743,             0.04322,            0.054564,            0.018721,           0.0021246,           0.0021246,           0.0021246
                1593,             0.05131,            0.076002,            0.024004,             0.96788,             0.83665,             0.88676,             0.77436,            0.043219,            0.054552,             0.01872,           0.0021196,           0.0021196,           0.0021196
                1594,            0.051264,            0.076242,             0.02393,             0.96853,             0.83642,             0.88674,             0.77434,            0.043219,            0.054568,             0.01872,           0.0021147,           0.0021147,           0.0021147
                1595,            0.051278,            0.076065,            0.023925,             0.96831,             0.83642,             0.88676,             0.77431,            0.043218,            0.054571,            0.018719,           0.0021097,           0.0021097,           0.0021097
                1596,            0.051308,            0.075608,            0.023972,              0.9683,             0.83648,             0.88677,             0.77431,            0.043219,            0.054552,            0.018718,           0.0021048,           0.0021048,           0.0021048
                1597,            0.051202,            0.076478,            0.023894,             0.96827,              0.8365,             0.88678,             0.77446,            0.043211,            0.054531,            0.018717,           0.0020998,           0.0020998,           0.0020998
                1598,            0.051113,            0.076372,            0.023882,             0.96825,              0.8365,             0.88681,             0.77443,             0.04321,            0.054532,            0.018716,           0.0020949,           0.0020949,           0.0020949
                1599,            0.051213,            0.075339,            0.023903,             0.96817,             0.83651,             0.88683,             0.77451,            0.043207,            0.054521,            0.018715,           0.0020899,           0.0020899,           0.0020899
                1600,            0.051276,            0.076323,            0.023939,             0.96855,             0.83633,             0.88683,             0.77452,            0.043206,            0.054517,            0.018714,            0.002085,            0.002085,            0.002085
                1601,             0.05126,            0.076236,            0.023926,              0.9685,             0.83634,             0.88686,             0.77454,            0.043204,            0.054522,            0.018713,             0.00208,             0.00208,             0.00208
                1602,             0.05128,            0.075761,            0.023939,             0.96856,             0.83635,             0.88685,             0.77447,            0.043205,            0.054527,            0.018712,           0.0020751,           0.0020751,           0.0020751
                1603,            0.051196,            0.076142,            0.023915,             0.96867,             0.83637,              0.8868,              0.7744,            0.043207,             0.05453,            0.018712,           0.0020701,           0.0020701,           0.0020701
                1604,            0.051345,            0.076143,            0.023988,             0.96863,             0.83637,             0.88683,             0.77446,            0.043206,            0.054531,            0.018711,           0.0020651,           0.0020651,           0.0020651
                1605,            0.051351,            0.075657,            0.024012,             0.96861,             0.83643,              0.8868,             0.77447,            0.043205,            0.054534,            0.018711,           0.0020602,           0.0020602,           0.0020602
                1606,            0.051219,            0.075434,            0.023941,             0.96867,             0.83647,             0.88682,             0.77441,             0.04321,            0.054553,             0.01871,           0.0020553,           0.0020553,           0.0020553
                1607,            0.051293,            0.075592,            0.023986,             0.96861,             0.83646,             0.88685,             0.77444,            0.043205,             0.05455,             0.01871,           0.0020503,           0.0020503,           0.0020503
                1608,            0.051182,            0.075847,            0.023923,             0.96863,             0.83654,             0.88686,             0.77442,            0.043201,             0.05453,            0.018709,           0.0020454,           0.0020454,           0.0020454
                1609,            0.051238,            0.075762,             0.02395,              0.9686,              0.8365,             0.88687,             0.77447,            0.043198,            0.054516,            0.018709,           0.0020404,           0.0020404,           0.0020404
                1610,            0.051135,            0.075384,            0.023926,             0.96863,             0.83647,             0.88687,             0.77454,            0.043196,            0.054518,            0.018708,           0.0020355,           0.0020355,           0.0020355
                1611,            0.051243,             0.07596,            0.023959,             0.96863,             0.83649,             0.88691,             0.77456,            0.043197,            0.054522,            0.018707,           0.0020305,           0.0020305,           0.0020305
                1612,            0.051144,            0.075822,            0.023873,             0.96864,             0.83657,             0.88689,             0.77454,            0.043199,            0.054518,            0.018706,           0.0020256,           0.0020256,           0.0020256
                1613,            0.051313,            0.075852,            0.023996,             0.96864,             0.83658,             0.88687,             0.77454,            0.043198,            0.054515,            0.018706,           0.0020206,           0.0020206,           0.0020206
                1614,            0.051219,            0.075696,            0.023986,             0.96854,             0.83657,             0.88687,             0.77464,            0.043198,            0.054502,            0.018705,           0.0020157,           0.0020157,           0.0020157
                1615,            0.051117,            0.076091,            0.023891,             0.96861,             0.83654,             0.88682,             0.77467,            0.043195,            0.054489,            0.018705,           0.0020107,           0.0020107,           0.0020107
                1616,            0.051239,            0.075945,            0.023948,             0.96874,             0.83658,             0.88685,             0.77465,            0.043198,            0.054481,            0.018704,           0.0020058,           0.0020058,           0.0020058
                1617,            0.051238,             0.07628,            0.023961,             0.96866,             0.83658,             0.88683,             0.77464,            0.043199,            0.054495,            0.018704,           0.0020008,           0.0020008,           0.0020008
                1618,            0.051109,             0.07573,            0.023877,             0.96856,             0.83658,             0.88679,             0.77466,            0.043202,            0.054503,            0.018704,           0.0019958,           0.0019958,           0.0019958
                1619,            0.051139,            0.075865,            0.023827,             0.96867,             0.83663,             0.88675,             0.77468,            0.043203,            0.054505,            0.018703,           0.0019909,           0.0019909,           0.0019909
                1620,            0.051173,            0.075802,            0.023925,             0.96903,             0.83646,             0.88678,             0.77475,            0.043201,            0.054479,            0.018702,            0.001986,            0.001986,            0.001986
                1621,            0.051147,            0.075773,             0.02389,             0.96907,             0.83641,             0.88677,             0.77478,            0.043199,            0.054478,            0.018702,            0.001981,            0.001981,            0.001981
                1622,            0.051365,            0.075942,            0.024042,             0.96902,              0.8364,             0.88679,             0.77477,            0.043191,            0.054465,            0.018702,           0.0019761,           0.0019761,           0.0019761
                1623,            0.051173,            0.075963,            0.023898,             0.96892,             0.83645,             0.88676,             0.77485,            0.043192,            0.054466,            0.018702,           0.0019711,           0.0019711,           0.0019711
                1624,            0.051298,            0.076401,            0.024005,             0.96893,             0.83643,             0.88681,             0.77483,            0.043192,            0.054457,            0.018701,           0.0019662,           0.0019662,           0.0019662
                1625,            0.051286,            0.075746,            0.024037,             0.96899,             0.83641,             0.88678,             0.77479,            0.043192,            0.054449,            0.018701,           0.0019612,           0.0019612,           0.0019612
                1626,            0.051312,            0.075751,            0.024039,             0.96891,             0.83642,             0.88677,             0.77479,            0.043194,             0.05444,              0.0187,           0.0019563,           0.0019563,           0.0019563
                1627,             0.05115,            0.074258,            0.023931,             0.96894,             0.83639,             0.88681,              0.7748,            0.043196,            0.054445,              0.0187,           0.0019513,           0.0019513,           0.0019513
                1628,            0.051028,            0.076172,            0.023837,             0.96895,             0.83643,             0.88681,             0.77478,            0.043198,             0.05446,              0.0187,           0.0019464,           0.0019464,           0.0019464
                1629,            0.051268,            0.075783,            0.023979,             0.96884,             0.83641,             0.88679,             0.77478,            0.043199,            0.054445,            0.018699,           0.0019414,           0.0019414,           0.0019414
                1630,             0.05109,            0.074976,            0.023909,             0.96896,             0.83637,             0.88675,             0.77475,            0.043201,            0.054456,            0.018699,           0.0019365,           0.0019365,           0.0019365
                1631,            0.051024,            0.075397,            0.023784,             0.96899,             0.83633,             0.88679,              0.7748,            0.043202,            0.054451,            0.018698,           0.0019315,           0.0019315,           0.0019315
                1632,            0.051097,            0.075468,            0.023905,               0.969,             0.83633,             0.88679,             0.77483,            0.043204,            0.054447,            0.018698,           0.0019265,           0.0019265,           0.0019265
                1633,            0.051159,            0.075321,             0.02394,             0.96889,             0.83629,              0.8868,             0.77487,            0.043203,            0.054441,            0.018697,           0.0019216,           0.0019216,           0.0019216
                1634,            0.051058,            0.075636,            0.023882,             0.96899,             0.83621,             0.88678,             0.77495,            0.043201,             0.05442,            0.018697,           0.0019166,           0.0019166,           0.0019166
                1635,             0.05098,            0.075078,            0.023875,             0.96897,             0.83623,             0.88677,             0.77494,            0.043199,             0.05442,            0.018697,           0.0019117,           0.0019117,           0.0019117
                1636,            0.051073,            0.074801,            0.023908,             0.96897,             0.83619,             0.88678,             0.77481,            0.043203,            0.054437,            0.018696,           0.0019068,           0.0019068,           0.0019068
                1637,            0.051245,            0.075864,            0.024027,             0.96904,             0.83625,             0.88676,             0.77481,            0.043203,            0.054429,            0.018696,           0.0019018,           0.0019018,           0.0019018
                1638,            0.051146,            0.076066,            0.023923,             0.96919,             0.83629,             0.88673,             0.77483,            0.043205,            0.054438,            0.018696,           0.0018969,           0.0018969,           0.0018969
                1639,            0.051155,            0.075179,            0.023869,             0.96912,             0.83626,             0.88672,             0.77479,              0.0432,            0.054439,            0.018695,           0.0018919,           0.0018919,           0.0018919
                1640,             0.05114,            0.075267,            0.023993,             0.96916,             0.83632,             0.88677,             0.77483,              0.0432,            0.054436,            0.018694,            0.001887,            0.001887,            0.001887
                1641,            0.051081,            0.075682,            0.023864,             0.96957,             0.83607,             0.88673,             0.77485,              0.0432,            0.054426,            0.018694,            0.001882,            0.001882,            0.001882
                1642,            0.051068,            0.074781,            0.023873,              0.9695,             0.83606,             0.88669,              0.7749,              0.0432,            0.054416,            0.018694,           0.0018771,           0.0018771,           0.0018771
                1643,            0.051089,            0.075106,            0.023876,             0.96958,             0.83607,              0.8867,             0.77495,            0.043199,            0.054418,            0.018693,           0.0018721,           0.0018721,           0.0018721
                1644,            0.051074,            0.074646,            0.023895,             0.96956,             0.83599,              0.8867,             0.77496,              0.0432,             0.05441,            0.018692,           0.0018671,           0.0018671,           0.0018671
                1645,            0.051072,            0.075299,            0.023889,             0.96957,             0.83597,             0.88671,             0.77503,            0.043201,             0.05442,            0.018691,           0.0018622,           0.0018622,           0.0018622
                1646,            0.050864,            0.074454,            0.023744,             0.96957,             0.83599,             0.88676,               0.775,            0.043201,            0.054425,             0.01869,           0.0018572,           0.0018572,           0.0018572
                1647,            0.051081,            0.075797,            0.023887,             0.96946,             0.83601,             0.88673,             0.77511,              0.0432,            0.054416,             0.01869,           0.0018523,           0.0018523,           0.0018523
                1648,            0.050873,            0.075065,            0.023769,             0.96924,             0.83606,              0.8867,             0.77506,            0.043199,            0.054404,            0.018689,           0.0018474,           0.0018474,           0.0018474
                1649,             0.05108,            0.075241,             0.02388,              0.9692,             0.83602,              0.8867,             0.77513,            0.043196,            0.054407,            0.018689,           0.0018424,           0.0018424,           0.0018424
                1650,            0.051112,            0.074881,            0.023941,             0.96921,             0.83602,             0.88664,             0.77512,            0.043201,            0.054399,            0.018688,           0.0018375,           0.0018375,           0.0018375
                1651,            0.051084,            0.075435,            0.023927,             0.96937,               0.836,             0.88669,             0.77509,            0.043202,            0.054394,            0.018688,           0.0018325,           0.0018325,           0.0018325
                1652,            0.051087,            0.075104,            0.023906,             0.96977,             0.83566,             0.88668,             0.77511,            0.043202,            0.054384,            0.018687,           0.0018276,           0.0018276,           0.0018276
                1653,            0.051005,            0.074925,            0.023858,             0.96984,             0.83567,             0.88669,             0.77515,            0.043203,            0.054368,            0.018686,           0.0018226,           0.0018226,           0.0018226
                1654,            0.051109,            0.075786,            0.023952,             0.96984,             0.83565,             0.88669,             0.77502,            0.043206,            0.054368,            0.018686,           0.0018176,           0.0018176,           0.0018176
                1655,            0.050997,             0.07461,            0.023875,             0.96986,             0.83572,             0.88671,             0.77506,            0.043206,            0.054361,            0.018685,           0.0018127,           0.0018127,           0.0018127
                1656,            0.051098,            0.075055,             0.02391,             0.96978,             0.83568,             0.88666,             0.77505,            0.043207,            0.054369,            0.018685,           0.0018077,           0.0018077,           0.0018077
                1657,            0.051017,            0.074652,            0.023869,             0.96981,             0.83574,             0.88664,             0.77501,            0.043206,            0.054349,            0.018684,           0.0018028,           0.0018028,           0.0018028
                1658,            0.051058,            0.074464,            0.023922,             0.96973,             0.83573,             0.88664,             0.77496,             0.04321,            0.054368,            0.018684,           0.0017979,           0.0017979,           0.0017979
                1659,            0.050935,            0.075128,            0.023864,             0.96963,             0.83579,              0.8867,             0.77507,            0.043209,             0.05435,            0.018683,           0.0017929,           0.0017929,           0.0017929
                1660,            0.050944,            0.074741,            0.023837,             0.96967,             0.83571,             0.88668,             0.77506,            0.043209,            0.054348,            0.018683,           0.0017879,           0.0017879,           0.0017879
                1661,             0.05112,            0.074924,            0.023957,             0.96959,             0.83576,             0.88671,             0.77504,            0.043207,            0.054342,            0.018682,            0.001783,            0.001783,            0.001783
                1662,            0.050984,            0.074952,            0.023837,             0.96958,             0.83573,             0.88668,             0.77504,            0.043207,             0.05434,            0.018682,            0.001778,            0.001778,            0.001778
                1663,             0.05098,            0.074656,            0.023846,             0.96966,             0.83577,              0.8867,             0.77501,            0.043208,            0.054342,            0.018681,           0.0017731,           0.0017731,           0.0017731
                1664,            0.050959,            0.074424,            0.023831,             0.96971,             0.83577,              0.8867,             0.77504,            0.043208,            0.054334,             0.01868,           0.0017682,           0.0017682,           0.0017682
                1665,             0.05085,            0.074393,            0.023749,             0.96962,              0.8358,             0.88669,             0.77505,            0.043205,            0.054329,            0.018679,           0.0017632,           0.0017632,           0.0017632
                1666,            0.051031,            0.074976,            0.023876,             0.96972,             0.83578,             0.88668,             0.77508,            0.043202,            0.054313,            0.018679,           0.0017582,           0.0017582,           0.0017582
                1667,            0.050956,            0.074871,            0.023917,              0.9693,             0.83606,             0.88668,             0.77508,            0.043203,            0.054305,            0.018678,           0.0017533,           0.0017533,           0.0017533
                1668,            0.051023,            0.074999,            0.023866,             0.96934,             0.83604,              0.8867,             0.77509,            0.043204,            0.054299,            0.018678,           0.0017483,           0.0017483,           0.0017483
                1669,            0.050941,            0.075184,            0.023802,             0.96941,             0.83599,             0.88668,             0.77504,            0.043203,            0.054282,            0.018677,           0.0017434,           0.0017434,           0.0017434
                1670,             0.05094,             0.07456,            0.023882,             0.96937,             0.83604,              0.8867,             0.77506,            0.043203,            0.054292,            0.018677,           0.0017385,           0.0017385,           0.0017385
                1671,            0.050891,            0.074377,            0.023792,              0.9694,             0.83608,             0.88671,             0.77504,            0.043201,            0.054265,            0.018676,           0.0017335,           0.0017335,           0.0017335
                1672,             0.05096,            0.074592,            0.023855,             0.96931,             0.83613,             0.88669,               0.775,            0.043205,            0.054277,            0.018675,           0.0017285,           0.0017285,           0.0017285
                1673,            0.050888,            0.074539,            0.023803,             0.96936,             0.83619,              0.8867,             0.77503,            0.043208,            0.054265,            0.018675,           0.0017236,           0.0017236,           0.0017236
                1674,            0.050939,            0.074956,             0.02384,             0.96931,             0.83619,             0.88669,             0.77498,             0.04321,            0.054271,            0.018675,           0.0017186,           0.0017186,           0.0017186
                1675,            0.050795,            0.074322,            0.023723,             0.96923,              0.8362,             0.88665,             0.77497,            0.043209,            0.054264,            0.018674,           0.0017137,           0.0017137,           0.0017137
                1676,            0.051003,             0.07518,            0.023916,             0.96928,             0.83616,             0.88665,             0.77494,            0.043207,            0.054274,            0.018673,           0.0017087,           0.0017087,           0.0017087
                1677,            0.050765,            0.074896,            0.023797,             0.96933,             0.83619,             0.88663,             0.77499,            0.043208,            0.054272,            0.018672,           0.0017038,           0.0017038,           0.0017038
                1678,            0.050996,            0.074887,            0.023906,             0.96926,             0.83625,             0.88665,             0.77502,            0.043203,            0.054265,            0.018672,           0.0016988,           0.0016988,           0.0016988
                1679,            0.051127,            0.074809,            0.023978,              0.9694,             0.83624,             0.88664,             0.77506,            0.043203,            0.054262,            0.018671,           0.0016939,           0.0016939,           0.0016939
                1680,            0.050828,            0.074133,            0.023772,             0.96977,             0.83605,             0.88666,             0.77509,            0.043202,            0.054247,            0.018671,           0.0016889,           0.0016889,           0.0016889
                1681,             0.05093,            0.074727,            0.023824,              0.9699,             0.83603,             0.88667,             0.77512,            0.043201,            0.054239,             0.01867,            0.001684,            0.001684,            0.001684
                1682,            0.050946,             0.07518,            0.023857,             0.96926,             0.83634,             0.88671,             0.77518,            0.043202,            0.054229,             0.01867,            0.001679,            0.001679,            0.001679
                1683,            0.050866,            0.075137,            0.023791,             0.96937,             0.83631,             0.88673,             0.77526,            0.043197,            0.054198,             0.01867,           0.0016741,           0.0016741,           0.0016741
                1684,             0.05101,            0.075105,            0.023869,             0.96932,              0.8363,             0.88669,             0.77524,            0.043199,            0.054212,            0.018669,           0.0016691,           0.0016691,           0.0016691
                1685,            0.050931,            0.074493,            0.023882,             0.96977,             0.83612,             0.88668,             0.77521,            0.043198,            0.054206,            0.018668,           0.0016642,           0.0016642,           0.0016642
                1686,            0.050808,            0.074233,            0.023784,             0.96963,             0.83607,             0.88668,             0.77521,            0.043198,            0.054197,            0.018667,           0.0016592,           0.0016592,           0.0016592
                1687,            0.050762,            0.074745,            0.023759,             0.96972,             0.83611,             0.88669,             0.77526,            0.043194,            0.054195,            0.018667,           0.0016543,           0.0016543,           0.0016543
                1688,            0.050871,            0.074201,            0.023827,             0.96969,             0.83611,             0.88669,             0.77525,            0.043191,            0.054182,            0.018666,           0.0016493,           0.0016493,           0.0016493
                1689,             0.05098,            0.074727,            0.023892,             0.96971,             0.83606,             0.88666,             0.77538,             0.04319,            0.054184,            0.018666,           0.0016444,           0.0016444,           0.0016444
                1690,            0.050809,            0.074084,            0.023793,             0.96977,             0.83617,             0.88666,             0.77537,            0.043189,            0.054193,            0.018665,           0.0016394,           0.0016394,           0.0016394
                1691,            0.050885,            0.074338,            0.023826,             0.97035,              0.8359,             0.88667,              0.7754,            0.043186,            0.054182,            0.018665,           0.0016345,           0.0016345,           0.0016345
                1692,             0.05086,            0.073912,            0.023838,              0.9703,             0.83591,             0.88668,             0.77545,            0.043187,             0.05417,            0.018664,           0.0016296,           0.0016296,           0.0016296
                1693,            0.050869,            0.074771,            0.023817,             0.97037,             0.83589,             0.88668,             0.77542,            0.043184,            0.054168,            0.018664,           0.0016246,           0.0016246,           0.0016246
                1694,            0.050859,            0.074694,            0.023816,             0.96986,             0.83623,             0.88667,             0.77546,            0.043183,            0.054158,            0.018663,           0.0016196,           0.0016196,           0.0016196
                1695,            0.050847,            0.074187,            0.023817,             0.96982,             0.83615,             0.88666,             0.77541,            0.043185,            0.054165,            0.018663,           0.0016147,           0.0016147,           0.0016147
                1696,            0.050872,            0.073988,            0.023836,             0.96979,             0.83616,             0.88664,             0.77539,            0.043186,             0.05416,            0.018662,           0.0016097,           0.0016097,           0.0016097
                1697,            0.050709,            0.074113,            0.023762,             0.97035,             0.83587,             0.88664,             0.77534,            0.043186,            0.054163,            0.018662,           0.0016048,           0.0016048,           0.0016048
                1698,            0.050678,             0.07403,              0.0237,             0.97017,             0.83591,             0.88659,             0.77544,            0.043179,            0.054138,            0.018662,           0.0015998,           0.0015998,           0.0015998
                1699,            0.050777,            0.074189,            0.023765,             0.97035,             0.83588,             0.88657,             0.77564,             0.04317,             0.05414,            0.018661,           0.0015949,           0.0015949,           0.0015949
                1700,             0.05076,             0.07386,            0.023787,             0.97017,             0.83591,             0.88657,             0.77561,            0.043171,            0.054122,             0.01866,           0.0015899,           0.0015899,           0.0015899
                1701,            0.050563,            0.074054,             0.02362,             0.97018,             0.83594,             0.88662,             0.77563,             0.04317,            0.054113,             0.01866,            0.001585,            0.001585,            0.001585
                1702,            0.050817,            0.074011,            0.023792,             0.97009,             0.83597,             0.88661,             0.77573,            0.043167,            0.054105,            0.018659,             0.00158,             0.00158,             0.00158
                1703,            0.050858,            0.074064,            0.023865,             0.97008,             0.83595,             0.88664,             0.77577,            0.043171,             0.05411,            0.018659,           0.0015751,           0.0015751,           0.0015751
                1704,            0.050879,            0.074276,            0.023844,             0.97014,             0.83596,             0.88661,             0.77572,            0.043173,            0.054106,            0.018658,           0.0015701,           0.0015701,           0.0015701
                1705,            0.050868,            0.074987,            0.023822,             0.97057,             0.83581,             0.88658,             0.77561,            0.043173,            0.054109,            0.018658,           0.0015652,           0.0015652,           0.0015652
                1706,            0.050932,            0.074028,            0.023897,             0.97002,             0.83601,             0.88661,             0.77551,            0.043177,            0.054122,            0.018657,           0.0015602,           0.0015602,           0.0015602
                1707,            0.050712,             0.07394,             0.02373,             0.97006,             0.83599,             0.88662,             0.77551,            0.043174,             0.05411,            0.018657,           0.0015553,           0.0015553,           0.0015553
                1708,            0.050753,            0.073858,            0.023771,             0.97042,             0.83581,             0.88662,              0.7755,            0.043172,            0.054097,            0.018655,           0.0015503,           0.0015503,           0.0015503
                1709,            0.050695,            0.073529,            0.023749,             0.97052,             0.83584,             0.88659,             0.77548,            0.043172,            0.054084,            0.018655,           0.0015454,           0.0015454,           0.0015454
                1710,            0.050649,            0.074308,            0.023704,             0.97044,             0.83584,              0.8866,              0.7755,            0.043175,            0.054089,            0.018654,           0.0015404,           0.0015404,           0.0015404
                1711,            0.050757,            0.074088,            0.023783,             0.97037,             0.83592,              0.8866,             0.77542,            0.043173,            0.054087,            0.018653,           0.0015355,           0.0015355,           0.0015355
                1712,            0.050667,            0.073824,            0.023719,              0.9704,             0.83599,              0.8866,             0.77552,            0.043171,            0.054079,            0.018653,           0.0015305,           0.0015305,           0.0015305
                1713,            0.050556,            0.073656,            0.023693,             0.97035,             0.83594,             0.88656,             0.77557,            0.043171,            0.054065,            0.018652,           0.0015256,           0.0015256,           0.0015256
                1714,            0.050932,            0.074387,              0.0239,             0.97045,             0.83595,             0.88658,             0.77556,            0.043173,            0.054075,            0.018652,           0.0015206,           0.0015206,           0.0015206
                1715,            0.050781,            0.073561,            0.023793,             0.97034,             0.83587,             0.88655,             0.77568,             0.04317,            0.054064,            0.018651,           0.0015157,           0.0015157,           0.0015157
                1716,            0.050706,             0.07397,            0.023744,             0.97034,             0.83591,             0.88658,             0.77565,            0.043168,             0.05406,            0.018651,           0.0015107,           0.0015107,           0.0015107
                1717,            0.050603,            0.073524,            0.023691,             0.97028,             0.83592,             0.88658,             0.77567,            0.043168,            0.054056,             0.01865,           0.0015058,           0.0015058,           0.0015058
                1718,            0.050584,            0.073933,            0.023661,             0.97027,             0.83594,             0.88656,             0.77566,            0.043169,             0.05406,            0.018649,           0.0015008,           0.0015008,           0.0015008
                1719,            0.050714,            0.074101,            0.023753,             0.97041,             0.83594,             0.88658,             0.77573,            0.043164,            0.054037,            0.018649,           0.0014959,           0.0014959,           0.0014959
                1720,            0.050794,            0.074315,            0.023827,             0.97041,             0.83596,             0.88655,              0.7757,            0.043165,            0.054039,            0.018648,           0.0014909,           0.0014909,           0.0014909
                1721,            0.050575,            0.073325,            0.023653,             0.97038,             0.83597,             0.88653,             0.77563,            0.043166,            0.054042,            0.018647,            0.001486,            0.001486,            0.001486
                1722,            0.050572,            0.073759,            0.023639,             0.97037,             0.83603,             0.88653,             0.77567,            0.043168,             0.05403,            0.018647,            0.001481,            0.001481,            0.001481
                1723,            0.050667,            0.073682,            0.023765,             0.97031,             0.83599,              0.8865,             0.77571,            0.043164,            0.054026,            0.018646,           0.0014761,           0.0014761,           0.0014761
                1724,            0.050582,            0.073285,             0.02368,              0.9703,             0.83599,             0.88652,             0.77579,            0.043163,            0.054019,            0.018646,           0.0014711,           0.0014711,           0.0014711
                1725,            0.050734,             0.07387,            0.023808,             0.97044,             0.83601,             0.88653,             0.77581,            0.043163,            0.054005,            0.018645,           0.0014662,           0.0014662,           0.0014662
                1726,            0.050599,            0.073593,            0.023664,             0.97042,             0.83601,             0.88653,             0.77577,            0.043162,            0.054007,            0.018644,           0.0014612,           0.0014612,           0.0014612
                1727,            0.050765,            0.073741,            0.023831,             0.97037,             0.83596,             0.88648,             0.77582,            0.043162,            0.054003,            0.018644,           0.0014563,           0.0014563,           0.0014563
                1728,            0.050636,            0.073349,            0.023692,             0.97074,             0.83573,              0.8865,             0.77581,            0.043161,               0.054,            0.018643,           0.0014513,           0.0014513,           0.0014513
                1729,            0.050531,            0.073472,            0.023667,              0.9707,              0.8357,             0.88649,             0.77589,             0.04316,            0.054002,            0.018642,           0.0014464,           0.0014464,           0.0014464
                1730,             0.05038,               0.073,            0.023569,             0.97057,              0.8357,             0.88646,               0.776,             0.04316,            0.053996,            0.018641,           0.0014414,           0.0014414,           0.0014414
                1731,            0.050739,             0.07342,            0.023809,             0.97055,             0.83576,             0.88646,             0.77608,            0.043157,            0.053975,             0.01864,           0.0014365,           0.0014365,           0.0014365
                1732,            0.050581,             0.07346,            0.023714,              0.9706,             0.83581,             0.88647,             0.77611,            0.043159,            0.053972,             0.01864,           0.0014315,           0.0014315,           0.0014315
                1733,            0.050813,            0.073861,            0.023859,             0.97056,              0.8358,             0.88649,             0.77603,            0.043162,            0.053982,            0.018639,           0.0014266,           0.0014266,           0.0014266
                1734,            0.050615,             0.07298,            0.023729,             0.97063,             0.83578,             0.88646,             0.77605,            0.043161,            0.053967,            0.018638,           0.0014216,           0.0014216,           0.0014216
                1735,            0.050602,            0.073522,            0.023723,              0.9707,             0.83579,             0.88648,              0.7761,            0.043157,            0.053964,            0.018638,           0.0014167,           0.0014167,           0.0014167
                1736,            0.050585,            0.073153,            0.023683,             0.97079,             0.83587,             0.88652,             0.77602,             0.04316,            0.053955,            0.018637,           0.0014117,           0.0014117,           0.0014117
                1737,             0.05057,            0.073114,            0.023748,             0.97075,             0.83586,             0.88647,             0.77603,            0.043158,            0.053939,            0.018637,           0.0014068,           0.0014068,           0.0014068
                1738,            0.050571,             0.07318,            0.023744,              0.9707,             0.83586,              0.8865,             0.77605,             0.04316,            0.053951,            0.018636,           0.0014018,           0.0014018,           0.0014018
                1739,            0.050694,            0.072989,            0.023788,             0.97061,             0.83589,             0.88646,               0.776,            0.043163,            0.053953,            0.018636,           0.0013969,           0.0013969,           0.0013969
                1740,            0.050635,            0.073784,            0.023743,             0.97053,             0.83585,             0.88645,             0.77603,             0.04316,            0.053949,            0.018635,           0.0013919,           0.0013919,           0.0013919
                1741,            0.050758,            0.073482,            0.023844,             0.97107,             0.83563,             0.88644,             0.77602,            0.043157,            0.053937,            0.018635,            0.001387,            0.001387,            0.001387
                1742,            0.050695,            0.073502,            0.023773,              0.9711,             0.83566,             0.88643,             0.77601,             0.04316,            0.053932,            0.018635,            0.001382,            0.001382,            0.001382
                1743,            0.050621,            0.073042,            0.023773,             0.97111,             0.83565,             0.88645,             0.77618,            0.043143,            0.053902,            0.018634,           0.0013771,           0.0013771,           0.0013771
                1744,            0.050544,            0.072807,            0.023691,             0.97115,              0.8357,             0.88646,              0.7762,            0.043141,            0.053889,            0.018633,           0.0013721,           0.0013721,           0.0013721
                1745,            0.050601,            0.073213,            0.023733,             0.97102,             0.83573,             0.88642,             0.77626,            0.043139,            0.053882,            0.018632,           0.0013672,           0.0013672,           0.0013672
                1746,            0.050711,            0.073377,            0.023813,             0.97097,             0.83579,              0.8865,             0.77632,            0.043138,            0.053879,            0.018631,           0.0013622,           0.0013622,           0.0013622
                1747,            0.050548,            0.072926,            0.023697,             0.97103,              0.8358,             0.88647,             0.77633,            0.043137,            0.053871,             0.01863,           0.0013573,           0.0013573,           0.0013573
                1748,            0.050585,            0.073159,            0.023689,             0.97093,              0.8358,             0.88647,             0.77629,             0.04314,            0.053876,             0.01863,           0.0013523,           0.0013523,           0.0013523
                1749,            0.050632,             0.07333,            0.023725,             0.97089,             0.83581,             0.88642,             0.77629,             0.04314,            0.053878,            0.018629,           0.0013474,           0.0013474,           0.0013474
                1750,            0.050584,            0.073293,            0.023786,             0.97094,             0.83585,             0.88644,             0.77625,            0.043143,            0.053872,            0.018628,           0.0013424,           0.0013424,           0.0013424
                1751,            0.050564,             0.07261,            0.023727,             0.97045,             0.83601,             0.88645,             0.77621,             0.04314,            0.053863,            0.018627,           0.0013375,           0.0013375,           0.0013375
                1752,            0.050543,            0.072966,            0.023696,             0.97035,             0.83603,             0.88649,             0.77636,            0.043137,            0.053849,            0.018627,           0.0013326,           0.0013326,           0.0013326
                1753,            0.050665,            0.073034,            0.023826,             0.97034,             0.83609,             0.88646,             0.77627,            0.043138,            0.053847,            0.018626,           0.0013276,           0.0013276,           0.0013276
                1754,            0.050568,            0.073565,            0.023752,              0.9703,             0.83608,             0.88648,             0.77643,            0.043138,            0.053849,            0.018625,           0.0013227,           0.0013227,           0.0013227
                1755,            0.050558,            0.073229,            0.023706,             0.97024,             0.83615,             0.88652,             0.77635,            0.043141,            0.053844,            0.018625,           0.0013177,           0.0013177,           0.0013177
                1756,            0.050556,            0.072883,             0.02371,             0.97066,             0.83589,             0.88656,             0.77636,            0.043139,            0.053839,            0.018624,           0.0013128,           0.0013128,           0.0013128
                1757,            0.050483,            0.072836,            0.023703,             0.97053,               0.836,             0.88661,             0.77635,            0.043136,             0.05382,            0.018624,           0.0013078,           0.0013078,           0.0013078
                1758,            0.050433,            0.072655,            0.023683,             0.97045,             0.83601,             0.88657,             0.77634,            0.043133,            0.053797,            0.018623,           0.0013029,           0.0013029,           0.0013029
                1759,             0.05065,            0.073398,            0.023812,             0.97039,             0.83609,             0.88657,             0.77641,            0.043126,            0.053778,            0.018622,           0.0012979,           0.0012979,           0.0012979
                1760,            0.050434,            0.073204,            0.023613,             0.97055,             0.83614,             0.88656,             0.77633,            0.043127,            0.053775,            0.018622,            0.001293,            0.001293,            0.001293
                1761,            0.050443,            0.073104,            0.023638,             0.97052,             0.83614,             0.88659,             0.77624,            0.043129,            0.053785,            0.018621,            0.001288,            0.001288,            0.001288
                1762,            0.050472,            0.072879,            0.023677,             0.97043,             0.83621,             0.88658,             0.77626,             0.04313,            0.053768,            0.018621,           0.0012831,           0.0012831,           0.0012831
                1763,            0.050573,            0.072656,            0.023777,             0.97045,             0.83621,             0.88663,             0.77616,             0.04313,            0.053766,             0.01862,           0.0012781,           0.0012781,           0.0012781
                1764,            0.050391,             0.07247,            0.023644,             0.97048,             0.83619,             0.88661,             0.77625,            0.043127,            0.053748,            0.018619,           0.0012732,           0.0012732,           0.0012732
                1765,            0.050452,            0.073635,            0.023654,             0.97044,             0.83618,             0.88663,             0.77627,            0.043127,            0.053738,            0.018618,           0.0012682,           0.0012682,           0.0012682
                1766,            0.050432,            0.072368,            0.023665,             0.97031,             0.83628,             0.88666,             0.77618,            0.043123,            0.053731,            0.018617,           0.0012633,           0.0012633,           0.0012633
                1767,            0.050429,            0.072509,            0.023673,             0.97024,             0.83624,             0.88661,             0.77633,             0.04312,            0.053711,            0.018617,           0.0012583,           0.0012583,           0.0012583
                1768,            0.050334,            0.073321,            0.023553,             0.97013,             0.83635,             0.88666,              0.7763,            0.043114,            0.053692,            0.018616,           0.0012534,           0.0012534,           0.0012534
                1769,            0.050518,            0.072959,            0.023686,             0.97001,             0.83634,              0.8866,             0.77632,            0.043115,            0.053678,            0.018615,           0.0012484,           0.0012484,           0.0012484
                1770,            0.050489,            0.072777,            0.023704,             0.97003,              0.8364,             0.88662,             0.77637,            0.043114,             0.05367,            0.018614,           0.0012435,           0.0012435,           0.0012435
                1771,            0.050552,            0.072805,            0.023764,             0.97009,             0.83644,             0.88663,             0.77643,            0.043111,            0.053664,            0.018613,           0.0012385,           0.0012385,           0.0012385
                1772,            0.050593,            0.073171,            0.023738,             0.97001,             0.83647,             0.88657,             0.77646,            0.043109,            0.053652,            0.018613,           0.0012336,           0.0012336,           0.0012336
                1773,            0.050492,            0.073168,            0.023722,             0.97002,             0.83651,             0.88656,             0.77646,            0.043106,            0.053645,            0.018612,           0.0012286,           0.0012286,           0.0012286
                1774,            0.050503,            0.072938,            0.023687,             0.97009,             0.83649,             0.88659,             0.77652,            0.043106,             0.05364,            0.018612,           0.0012237,           0.0012237,           0.0012237
                1775,            0.050447,            0.073059,            0.023652,             0.97009,             0.83647,             0.88662,             0.77641,            0.043108,            0.053652,            0.018611,           0.0012187,           0.0012187,           0.0012187
                1776,            0.050238,            0.072202,             0.02356,             0.97003,             0.83645,             0.88662,             0.77656,            0.043103,            0.053633,             0.01861,           0.0012138,           0.0012138,           0.0012138
                1777,            0.050504,            0.072998,            0.023711,             0.97036,              0.8363,             0.88662,             0.77653,            0.043104,            0.053629,             0.01861,           0.0012088,           0.0012088,           0.0012088
                1778,            0.050432,             0.07229,            0.023716,             0.97022,             0.83636,             0.88666,             0.77659,            0.043101,            0.053633,            0.018609,           0.0012039,           0.0012039,           0.0012039
                1779,            0.050493,            0.072561,            0.023688,             0.97027,             0.83641,              0.8866,             0.77647,            0.043102,            0.053621,            0.018608,           0.0011989,           0.0011989,           0.0011989
                1780,            0.050436,            0.072871,            0.023713,             0.97054,             0.83615,             0.88658,             0.77656,            0.043102,            0.053612,            0.018608,            0.001194,            0.001194,            0.001194
                1781,            0.050379,             0.07249,            0.023671,             0.96999,             0.83636,              0.8866,             0.77666,            0.043093,            0.053595,            0.018607,            0.001189,            0.001189,            0.001189
                1782,            0.050369,            0.072156,            0.023682,             0.97002,             0.83639,             0.88661,             0.77675,            0.043093,            0.053585,            0.018606,           0.0011841,           0.0011841,           0.0011841
                1783,            0.050367,            0.072755,            0.023646,             0.97049,             0.83615,             0.88661,              0.7768,            0.043086,            0.053583,            0.018605,           0.0011791,           0.0011791,           0.0011791
                1784,            0.050394,            0.072483,            0.023667,                0.97,             0.83642,             0.88663,             0.77676,            0.043086,            0.053576,            0.018604,           0.0011742,           0.0011742,           0.0011742
                1785,             0.05044,            0.072496,            0.023684,             0.97044,             0.83618,             0.88661,             0.77671,            0.043088,            0.053584,            0.018603,           0.0011692,           0.0011692,           0.0011692
                1786,            0.050428,            0.072554,            0.023681,             0.97045,             0.83626,             0.88663,              0.7767,            0.043089,            0.053594,            0.018602,           0.0011643,           0.0011643,           0.0011643
                1787,            0.050401,            0.072005,            0.023672,             0.97048,             0.83627,             0.88661,             0.77669,            0.043088,            0.053576,            0.018601,           0.0011593,           0.0011593,           0.0011593
                1788,            0.050279,            0.072053,            0.023601,             0.97038,             0.83621,             0.88662,             0.77669,            0.043089,            0.053572,            0.018601,           0.0011544,           0.0011544,           0.0011544
                1789,              0.0503,            0.072712,            0.023611,             0.97096,             0.83603,              0.8866,             0.77679,            0.043086,             0.05357,              0.0186,           0.0011494,           0.0011494,           0.0011494
                1790,            0.050324,            0.072747,            0.023626,             0.97085,             0.83608,             0.88662,             0.77682,            0.043084,            0.053553,              0.0186,           0.0011445,           0.0011445,           0.0011445
                1791,            0.050322,            0.071921,            0.023603,              0.9709,             0.83608,             0.88658,             0.77689,            0.043079,            0.053539,            0.018599,           0.0011395,           0.0011395,           0.0011395
                1792,            0.050328,            0.072208,            0.023606,               0.971,             0.83618,             0.88661,             0.77696,            0.043078,            0.053516,            0.018599,           0.0011346,           0.0011346,           0.0011346
                1793,            0.050191,            0.072522,            0.023545,             0.97091,             0.83619,             0.88665,             0.77693,            0.043078,            0.053516,            0.018598,           0.0011296,           0.0011296,           0.0011296
                1794,            0.050197,            0.072284,            0.023539,             0.97096,              0.8362,             0.88664,             0.77689,            0.043081,            0.053525,            0.018597,           0.0011247,           0.0011247,           0.0011247
                1795,            0.050437,            0.071994,            0.023727,             0.97092,             0.83623,             0.88664,               0.777,            0.043077,            0.053522,            0.018597,           0.0011197,           0.0011197,           0.0011197
                1796,            0.050204,            0.071551,            0.023553,             0.97093,             0.83627,             0.88668,             0.77694,            0.043078,             0.05352,            0.018596,           0.0011148,           0.0011148,           0.0011148
                1797,            0.050202,            0.072455,            0.023566,             0.97103,             0.83629,             0.88663,             0.77691,            0.043081,            0.053535,            0.018595,           0.0011098,           0.0011098,           0.0011098
                1798,            0.050392,            0.072413,            0.023673,             0.97107,             0.83627,             0.88662,             0.77682,            0.043081,            0.053532,            0.018594,           0.0011049,           0.0011049,           0.0011049
                1799,            0.050211,            0.071207,            0.023558,             0.97102,              0.8363,             0.88661,             0.77679,            0.043082,            0.053538,            0.018594,           0.0010999,           0.0010999,           0.0010999
                1800,            0.050192,            0.071806,            0.023585,              0.9709,             0.83625,             0.88656,             0.77677,            0.043081,            0.053507,            0.018593,            0.001095,            0.001095,            0.001095
                1801,            0.050172,            0.071335,            0.023543,             0.97084,             0.83626,             0.88659,             0.77672,            0.043081,            0.053497,            0.018592,             0.00109,             0.00109,             0.00109
                1802,            0.050364,            0.071261,            0.023706,             0.97133,             0.83608,             0.88658,             0.77674,             0.04308,            0.053498,            0.018592,           0.0010851,           0.0010851,           0.0010851
                1803,            0.050202,            0.072076,            0.023545,             0.97129,             0.83609,             0.88656,             0.77693,            0.043077,            0.053497,            0.018591,           0.0010801,           0.0010801,           0.0010801
                1804,            0.050268,            0.071932,            0.023598,             0.97127,             0.83608,             0.88659,             0.77686,            0.043076,            0.053491,             0.01859,           0.0010752,           0.0010752,           0.0010752
                1805,            0.050326,            0.071934,            0.023643,             0.97134,             0.83604,             0.88659,             0.77684,            0.043078,            0.053509,             0.01859,           0.0010702,           0.0010702,           0.0010702
                1806,            0.050096,            0.071857,            0.023494,             0.97168,             0.83588,             0.88659,             0.77683,            0.043075,            0.053499,            0.018589,           0.0010653,           0.0010653,           0.0010653
                1807,             0.05021,            0.071462,            0.023577,             0.97174,             0.83588,             0.88661,             0.77697,            0.043069,            0.053499,            0.018589,           0.0010603,           0.0010603,           0.0010603
                1808,            0.050241,              0.0718,            0.023595,             0.97164,             0.83587,             0.88656,             0.77698,            0.043067,            0.053505,            0.018588,           0.0010554,           0.0010554,           0.0010554
                1809,            0.050288,            0.071225,            0.023677,             0.97175,             0.83588,             0.88656,             0.77698,            0.043067,            0.053504,            0.018587,           0.0010504,           0.0010504,           0.0010504
                1810,            0.050193,             0.07158,            0.023596,             0.97156,             0.83588,             0.88658,             0.77703,            0.043065,            0.053497,            0.018587,           0.0010455,           0.0010455,           0.0010455
                1811,            0.050436,            0.071852,            0.023771,             0.97155,              0.8359,             0.88658,             0.77706,            0.043063,             0.05349,            0.018587,           0.0010405,           0.0010405,           0.0010405
                1812,            0.050133,            0.071986,            0.023513,             0.97154,              0.8359,             0.88655,              0.7772,             0.04306,            0.053488,            0.018587,           0.0010356,           0.0010356,           0.0010356
                1813,            0.050121,            0.071393,            0.023538,             0.97156,              0.8359,             0.88654,             0.77706,            0.043061,            0.053483,            0.018586,           0.0010306,           0.0010306,           0.0010306
                1814,            0.050271,            0.071495,            0.023628,              0.9711,             0.83609,             0.88651,              0.7771,             0.04306,            0.053467,            0.018585,           0.0010257,           0.0010257,           0.0010257
                1815,            0.050201,            0.071663,            0.023638,             0.97152,             0.83575,              0.8865,             0.77724,            0.043052,            0.053444,            0.018585,           0.0010207,           0.0010207,           0.0010207
                1816,            0.050248,            0.071692,            0.023643,             0.97145,              0.8357,             0.88651,             0.77727,             0.04305,            0.053433,            0.018585,           0.0010158,           0.0010158,           0.0010158
                1817,            0.050019,            0.071352,            0.023514,             0.97152,             0.83572,             0.88651,             0.77735,            0.043051,            0.053435,            0.018584,           0.0010108,           0.0010108,           0.0010108
                1818,             0.05012,            0.071135,            0.023547,             0.97152,             0.83577,             0.88652,             0.77741,            0.043051,            0.053422,            0.018584,           0.0010059,           0.0010059,           0.0010059
                1819,            0.050098,            0.071761,            0.023487,             0.97158,             0.83578,             0.88654,             0.77747,             0.04305,            0.053396,            0.018583,           0.0010009,           0.0010009,           0.0010009
                1820,            0.050311,            0.071845,            0.023707,             0.97151,             0.83579,             0.88652,             0.77743,            0.043046,            0.053393,            0.018583,          0.00099595,          0.00099595,          0.00099595
                1821,            0.050158,            0.071412,            0.023566,             0.97157,             0.83577,             0.88653,             0.77743,            0.043042,            0.053388,            0.018582,            0.000991,            0.000991,            0.000991
                1822,            0.050148,            0.071708,            0.023574,             0.97145,              0.8359,             0.88653,              0.7774,            0.043043,            0.053373,            0.018581,          0.00098605,          0.00098605,          0.00098605
                1823,            0.050169,            0.071446,            0.023612,             0.97137,             0.83591,             0.88654,             0.77733,            0.043042,            0.053378,            0.018581,           0.0009811,           0.0009811,           0.0009811
                1824,             0.05009,            0.071629,            0.023566,             0.97137,             0.83598,             0.88659,              0.7774,             0.04304,            0.053371,             0.01858,          0.00097615,          0.00097615,          0.00097615
                1825,            0.050143,            0.071628,            0.023589,             0.97191,             0.83573,             0.88654,             0.77743,            0.043033,            0.053352,            0.018579,           0.0009712,           0.0009712,           0.0009712
                1826,            0.050271,            0.071792,            0.023662,             0.97178,             0.83578,             0.88654,             0.77746,            0.043033,            0.053337,            0.018578,          0.00096625,          0.00096625,          0.00096625
                1827,            0.050194,            0.072018,            0.023603,             0.97178,             0.83581,             0.88656,             0.77742,            0.043033,            0.053346,            0.018578,           0.0009613,           0.0009613,           0.0009613
                1828,            0.050151,            0.071858,            0.023626,             0.97166,             0.83584,             0.88655,             0.77748,            0.043028,            0.053323,            0.018577,          0.00095635,          0.00095635,          0.00095635
                1829,            0.050136,            0.071353,            0.023554,             0.97176,             0.83588,             0.88657,             0.77755,            0.043025,            0.053305,            0.018577,           0.0009514,           0.0009514,           0.0009514
                1830,            0.050076,            0.070477,            0.023556,             0.97179,             0.83589,             0.88659,             0.77758,            0.043022,            0.053291,            0.018576,          0.00094645,          0.00094645,          0.00094645
                1831,            0.050259,             0.07203,            0.023667,             0.97175,             0.83591,             0.88655,             0.77759,            0.043021,            0.053285,            0.018575,           0.0009415,           0.0009415,           0.0009415
                1832,            0.050029,            0.070755,            0.023518,             0.97226,             0.83566,             0.88654,             0.77756,            0.043019,            0.053292,            0.018574,          0.00093655,          0.00093655,          0.00093655
                1833,            0.050096,            0.071071,            0.023578,             0.97217,             0.83567,             0.88656,             0.77755,             0.04302,            0.053283,            0.018573,           0.0009316,           0.0009316,           0.0009316
                1834,            0.050083,            0.070855,            0.023569,             0.97215,             0.83573,             0.88653,             0.77758,            0.043021,            0.053284,            0.018572,          0.00092665,          0.00092665,          0.00092665
                1835,            0.050003,            0.070741,            0.023473,             0.97213,             0.83568,             0.88655,             0.77756,            0.043016,            0.053275,            0.018572,           0.0009217,           0.0009217,           0.0009217
                1836,            0.050057,            0.070976,            0.023545,             0.97147,             0.83599,             0.88651,             0.77755,             0.04302,             0.05326,            0.018571,          0.00091675,          0.00091675,          0.00091675
                1837,            0.049896,            0.071046,             0.02341,             0.97212,             0.83575,             0.88655,             0.77746,            0.043021,            0.053252,            0.018571,           0.0009118,           0.0009118,           0.0009118
                1838,            0.050037,            0.070948,            0.023523,               0.972,             0.83582,             0.88658,             0.77763,            0.043021,             0.05324,             0.01857,          0.00090685,          0.00090685,          0.00090685
                1839,            0.050029,             0.07106,            0.023554,             0.97206,             0.83578,             0.88653,             0.77761,            0.043024,            0.053247,            0.018569,           0.0009019,           0.0009019,           0.0009019
                1840,            0.050173,            0.070796,            0.023638,             0.97201,             0.83579,             0.88653,             0.77765,            0.043022,            0.053238,            0.018568,          0.00089695,          0.00089695,          0.00089695
                1841,            0.050112,            0.071219,            0.023601,             0.97197,             0.83579,              0.8865,             0.77756,            0.043019,            0.053232,            0.018568,            0.000892,            0.000892,            0.000892
                1842,            0.049919,            0.070648,            0.023477,             0.97186,              0.8358,             0.88653,             0.77769,            0.043015,            0.053218,            0.018567,          0.00088705,          0.00088705,          0.00088705
                1843,            0.049914,            0.070625,            0.023474,             0.97189,             0.83574,             0.88654,             0.77766,            0.043016,            0.053228,            0.018566,           0.0008821,           0.0008821,           0.0008821
                1844,            0.050062,            0.071194,            0.023552,             0.97176,             0.83583,             0.88656,             0.77767,            0.043012,             0.05321,            0.018565,          0.00087715,          0.00087715,          0.00087715
                1845,            0.049905,            0.070231,             0.02348,              0.9711,             0.83608,             0.88655,             0.77772,             0.04301,            0.053193,            0.018565,           0.0008722,           0.0008722,           0.0008722
                1846,            0.050008,            0.070557,            0.023525,             0.97103,              0.8361,             0.88661,             0.77783,            0.043008,            0.053171,            0.018564,          0.00086725,          0.00086725,          0.00086725
                1847,            0.049949,            0.070811,            0.023507,             0.97165,             0.83591,              0.8866,             0.77785,            0.043006,            0.053167,            0.018563,           0.0008623,           0.0008623,           0.0008623
                1848,            0.049972,            0.070486,            0.023528,             0.97152,             0.83584,             0.88655,             0.77795,            0.042999,            0.053137,            0.018563,          0.00085735,          0.00085735,          0.00085735
                1849,            0.049879,            0.070257,             0.02343,             0.97136,             0.83589,             0.88654,             0.77795,               0.043,            0.053151,            0.018562,           0.0008524,           0.0008524,           0.0008524
                1850,            0.049971,            0.070933,            0.023493,              0.9718,             0.83571,             0.88653,             0.77788,            0.043001,            0.053155,            0.018561,          0.00084745,          0.00084745,          0.00084745
                1851,            0.050126,             0.07108,            0.023605,             0.97122,             0.83592,             0.88654,             0.77785,            0.042999,            0.053148,             0.01856,           0.0008425,           0.0008425,           0.0008425
                1852,            0.049852,            0.070456,            0.023462,             0.97166,             0.83576,             0.88653,             0.77804,            0.042991,            0.053134,             0.01856,          0.00083755,          0.00083755,          0.00083755
                1853,            0.049893,            0.070786,            0.023474,             0.97202,             0.83557,             0.88655,               0.778,            0.042991,            0.053132,            0.018559,           0.0008326,           0.0008326,           0.0008326
                1854,            0.049964,            0.070425,            0.023529,             0.97205,              0.8356,             0.88657,             0.77806,            0.042988,            0.053111,            0.018558,          0.00082765,          0.00082765,          0.00082765
                1855,            0.049906,             0.07037,            0.023495,             0.97213,             0.83559,             0.88662,             0.77817,            0.042982,            0.053098,            0.018557,           0.0008227,           0.0008227,           0.0008227
                1856,            0.049862,            0.070495,            0.023442,             0.97194,             0.83558,             0.88661,             0.77821,            0.042979,            0.053075,            0.018557,          0.00081775,          0.00081775,          0.00081775
                1857,            0.049926,            0.070363,            0.023531,             0.97184,             0.83554,             0.88667,             0.77824,            0.042978,            0.053078,            0.018556,           0.0008128,           0.0008128,           0.0008128
                1858,            0.049994,             0.07085,            0.023538,             0.97225,             0.83534,             0.88667,             0.77826,            0.042977,            0.053067,            0.018556,          0.00080785,          0.00080785,          0.00080785
                1859,            0.049938,            0.070193,            0.023529,             0.97224,             0.83539,              0.8867,             0.77837,            0.042973,            0.053043,            0.018555,           0.0008029,           0.0008029,           0.0008029
                1860,            0.049963,            0.069884,            0.023537,             0.97217,             0.83545,             0.88668,             0.77838,            0.042965,            0.053016,            0.018554,          0.00079795,          0.00079795,          0.00079795
                1861,            0.049966,             0.07071,            0.023516,              0.9721,             0.83547,             0.88664,             0.77842,            0.042963,            0.053005,            0.018553,            0.000793,            0.000793,            0.000793
                1862,            0.050035,            0.070296,            0.023635,             0.97203,             0.83551,             0.88665,             0.77838,            0.042964,            0.053001,            0.018552,          0.00078805,          0.00078805,          0.00078805
                1863,            0.050002,            0.070364,            0.023565,             0.97198,             0.83551,             0.88666,             0.77848,             0.04296,            0.052983,            0.018551,           0.0007831,           0.0007831,           0.0007831
                1864,            0.049959,            0.071198,              0.0235,             0.97199,             0.83553,             0.88665,             0.77851,            0.042955,            0.052968,            0.018551,          0.00077815,          0.00077815,          0.00077815
                1865,            0.049911,            0.070669,            0.023489,             0.97201,             0.83555,             0.88662,             0.77858,            0.042945,            0.052939,             0.01855,           0.0007732,           0.0007732,           0.0007732
                1866,            0.049814,            0.069169,            0.023454,             0.97232,             0.83533,             0.88662,             0.77863,            0.042944,            0.052916,            0.018549,          0.00076825,          0.00076825,          0.00076825
                1867,            0.049969,            0.069924,            0.023577,             0.97231,             0.83534,             0.88659,             0.77876,            0.042943,            0.052917,            0.018548,           0.0007633,           0.0007633,           0.0007633
                1868,            0.049669,            0.069842,            0.023359,             0.97225,             0.83535,             0.88661,             0.77879,            0.042943,            0.052913,            0.018548,          0.00075835,          0.00075835,          0.00075835
                1869,            0.050047,            0.070138,            0.023629,             0.97257,             0.83508,             0.88662,             0.77883,            0.042945,            0.052897,            0.018548,           0.0007534,           0.0007534,           0.0007534
                1870,            0.049734,            0.069884,            0.023392,             0.97241,             0.83517,              0.8866,             0.77882,            0.042944,            0.052907,            0.018547,          0.00074845,          0.00074845,          0.00074845
                1871,             0.04991,             0.07049,            0.023514,             0.97245,             0.83514,              0.8866,             0.77897,            0.042942,             0.05288,            0.018546,           0.0007435,           0.0007435,           0.0007435
                1872,            0.049828,            0.070076,            0.023448,             0.97243,             0.83519,             0.88659,             0.77894,            0.042941,            0.052872,            0.018546,          0.00073855,          0.00073855,          0.00073855
                1873,            0.049831,            0.070726,             0.02344,              0.9724,             0.83523,             0.88661,             0.77905,            0.042937,            0.052869,            0.018545,           0.0007336,           0.0007336,           0.0007336
                1874,            0.049818,            0.069741,            0.023455,             0.97223,             0.83521,             0.88656,              0.7791,            0.042935,            0.052855,            0.018544,          0.00072865,          0.00072865,          0.00072865
                1875,            0.049764,             0.06947,            0.023461,             0.97275,             0.83495,             0.88657,              0.7791,            0.042938,            0.052849,            0.018543,           0.0007237,           0.0007237,           0.0007237
                1876,            0.049692,            0.070041,            0.023401,             0.97261,             0.83496,             0.88653,             0.77914,            0.042937,            0.052858,            0.018543,          0.00071875,          0.00071875,          0.00071875
                1877,            0.049877,            0.070034,            0.023553,             0.97255,             0.83502,             0.88655,             0.77913,            0.042934,            0.052854,            0.018542,           0.0007138,           0.0007138,           0.0007138
                1878,            0.049733,            0.069646,            0.023392,             0.97251,             0.83503,             0.88654,             0.77925,            0.042923,            0.052832,            0.018542,          0.00070885,          0.00070885,          0.00070885
                1879,            0.049674,            0.069257,            0.023414,             0.97295,             0.83481,             0.88658,             0.77939,            0.042915,            0.052817,            0.018541,           0.0007039,           0.0007039,           0.0007039
                1880,            0.049807,            0.069784,            0.023471,             0.97287,             0.83486,             0.88654,             0.77938,            0.042914,            0.052803,             0.01854,          0.00069895,          0.00069895,          0.00069895
                1881,            0.049835,            0.069902,            0.023461,             0.97281,             0.83497,             0.88655,             0.77939,            0.042916,            0.052793,            0.018539,            0.000694,            0.000694,            0.000694
                1882,            0.049934,            0.070363,            0.023538,             0.97316,             0.83473,             0.88658,             0.77932,            0.042916,            0.052787,            0.018538,          0.00068905,          0.00068905,          0.00068905
                1883,             0.04981,            0.069456,            0.023447,             0.97301,             0.83473,             0.88657,             0.77946,            0.042916,            0.052789,            0.018537,           0.0006841,           0.0006841,           0.0006841
                1884,            0.049741,            0.069607,            0.023448,             0.97295,             0.83476,             0.88656,             0.77949,            0.042915,            0.052757,            0.018537,          0.00067915,          0.00067915,          0.00067915
                1885,            0.049747,             0.06968,            0.023432,             0.97337,             0.83457,             0.88657,             0.77949,            0.042918,             0.05275,            0.018536,           0.0006742,           0.0006742,           0.0006742
                1886,            0.049816,            0.069482,            0.023497,             0.97325,             0.83459,             0.88658,             0.77959,            0.042918,            0.052735,            0.018535,          0.00066925,          0.00066925,          0.00066925
                1887,            0.049832,            0.069774,            0.023487,             0.97324,             0.83462,             0.88657,             0.77959,            0.042919,            0.052729,            0.018534,           0.0006643,           0.0006643,           0.0006643
                1888,            0.049756,            0.069385,            0.023436,             0.97362,             0.83445,             0.88661,              0.7796,            0.042915,            0.052729,            0.018534,          0.00065935,          0.00065935,          0.00065935
                1889,            0.049835,            0.069879,            0.023473,             0.97357,             0.83445,             0.88654,             0.77955,            0.042914,            0.052718,            0.018533,           0.0006544,           0.0006544,           0.0006544
                1890,            0.049813,            0.069796,            0.023477,             0.97351,             0.83446,             0.88655,             0.77961,            0.042915,            0.052712,            0.018532,          0.00064945,          0.00064945,          0.00064945
                1891,            0.049819,            0.070019,              0.0235,             0.97333,             0.83449,             0.88654,             0.77954,            0.042918,            0.052714,            0.018531,           0.0006445,           0.0006445,           0.0006445
                1892,             0.04972,            0.069821,            0.023406,             0.97372,             0.83428,             0.88652,             0.77954,             0.04292,            0.052714,             0.01853,          0.00063955,          0.00063955,          0.00063955
                1893,            0.049643,            0.069141,            0.023389,             0.97315,             0.83453,             0.88652,             0.77955,             0.04292,            0.052705,            0.018529,           0.0006346,           0.0006346,           0.0006346
                1894,            0.049618,            0.069179,            0.023351,             0.97316,             0.83453,             0.88652,             0.77964,            0.042916,            0.052688,            0.018528,          0.00062965,          0.00062965,          0.00062965
                1895,            0.049677,            0.069432,            0.023393,             0.97351,             0.83433,             0.88654,             0.77971,            0.042912,            0.052671,            0.018527,           0.0006247,           0.0006247,           0.0006247
                1896,            0.049715,             0.06878,            0.023449,             0.97345,             0.83435,             0.88649,              0.7798,            0.042913,            0.052667,            0.018527,          0.00061975,          0.00061975,          0.00061975
                1897,            0.049763,            0.069489,            0.023477,             0.97337,             0.83436,             0.88654,             0.77975,            0.042913,            0.052646,            0.018526,           0.0006148,           0.0006148,           0.0006148
                1898,            0.049647,            0.069471,            0.023408,             0.97326,             0.83441,             0.88652,             0.77975,            0.042914,            0.052644,            0.018526,          0.00060985,          0.00060985,          0.00060985
                1899,            0.049629,            0.069454,            0.023376,             0.97375,              0.8342,             0.88657,             0.77972,            0.042914,            0.052635,            0.018525,           0.0006049,           0.0006049,           0.0006049
                1900,            0.049673,            0.069082,            0.023424,             0.97361,             0.83429,             0.88654,             0.77973,            0.042912,            0.052617,            0.018525,          0.00059995,          0.00059995,          0.00059995
                1901,            0.049449,             0.06898,            0.023289,              0.9737,             0.83428,             0.88659,             0.77971,            0.042911,            0.052624,            0.018524,            0.000595,            0.000595,            0.000595
                1902,            0.049583,            0.068907,            0.023363,             0.97414,             0.83421,             0.88663,             0.77972,            0.042909,            0.052602,            0.018523,          0.00059005,          0.00059005,          0.00059005
                1903,            0.049549,            0.068858,             0.02336,             0.97405,             0.83421,             0.88665,             0.77971,            0.042908,            0.052584,            0.018523,           0.0005851,           0.0005851,           0.0005851
                1904,            0.049635,            0.069616,            0.023366,             0.97397,             0.83427,             0.88666,             0.77974,            0.042908,             0.05259,            0.018522,          0.00058015,          0.00058015,          0.00058015
                1905,            0.049529,            0.069074,            0.023322,             0.97392,              0.8343,             0.88662,             0.77974,            0.042906,            0.052582,            0.018521,           0.0005752,           0.0005752,           0.0005752
                1906,            0.049485,            0.069098,            0.023294,             0.97384,             0.83432,             0.88661,             0.77976,            0.042909,            0.052584,            0.018521,          0.00057025,          0.00057025,          0.00057025
                1907,            0.049622,            0.068771,            0.023397,              0.9743,             0.83414,              0.8866,             0.77987,             0.04291,            0.052582,             0.01852,           0.0005653,           0.0005653,           0.0005653
                1908,            0.049607,            0.069009,            0.023393,             0.97432,             0.83419,              0.8866,             0.77984,            0.042908,            0.052561,            0.018519,          0.00056035,          0.00056035,          0.00056035
                1909,            0.049472,            0.068423,            0.023285,             0.97424,             0.83423,             0.88661,             0.77987,            0.042904,            0.052555,            0.018518,           0.0005554,           0.0005554,           0.0005554
                1910,            0.049653,            0.069234,            0.023404,             0.97421,             0.83424,              0.8866,             0.77985,            0.042904,            0.052558,            0.018517,          0.00055045,          0.00055045,          0.00055045
                1911,            0.049419,            0.068511,            0.023272,             0.97416,             0.83431,             0.88663,              0.7799,            0.042904,            0.052562,            0.018516,           0.0005455,           0.0005455,           0.0005455
                1912,            0.049614,            0.069096,            0.023381,               0.974,             0.83437,             0.88664,             0.78001,            0.042899,            0.052564,            0.018516,          0.00054055,          0.00054055,          0.00054055
                1913,            0.049648,            0.069059,            0.023397,             0.97395,             0.83438,             0.88667,              0.7801,            0.042899,            0.052557,            0.018515,           0.0005356,           0.0005356,           0.0005356
                1914,             0.04956,            0.068723,            0.023369,             0.97388,             0.83442,             0.88667,             0.78017,            0.042896,            0.052561,            0.018515,          0.00053065,          0.00053065,          0.00053065
                1915,            0.049414,            0.067867,            0.023311,             0.97375,              0.8345,             0.88666,             0.78023,            0.042896,            0.052561,            0.018514,           0.0005257,           0.0005257,           0.0005257
                1916,            0.049544,            0.069142,            0.023389,             0.97364,             0.83462,             0.88671,             0.78026,            0.042891,            0.052539,            0.018514,          0.00052075,          0.00052075,          0.00052075
                1917,            0.049633,            0.069183,            0.023419,             0.97389,             0.83442,              0.8867,             0.78035,            0.042892,             0.05254,            0.018513,           0.0005158,           0.0005158,           0.0005158
                1918,            0.049538,            0.068623,            0.023378,             0.97335,             0.83469,             0.88667,             0.78027,            0.042893,             0.05254,            0.018513,          0.00051085,          0.00051085,          0.00051085
                1919,            0.049467,            0.068526,            0.023296,             0.97367,             0.83445,             0.88668,             0.78027,            0.042889,            0.052521,            0.018512,           0.0005059,           0.0005059,           0.0005059
                1920,            0.049587,            0.069143,            0.023403,              0.9736,             0.83452,             0.88669,             0.78021,            0.042889,            0.052517,            0.018511,          0.00050095,          0.00050095,          0.00050095
                1921,             0.04954,            0.068438,            0.023347,             0.97349,             0.83456,             0.88667,              0.7803,            0.042885,            0.052493,             0.01851,            0.000496,            0.000496,            0.000496
                1922,            0.049595,            0.069022,            0.023431,             0.97397,             0.83445,             0.88669,             0.78029,            0.042879,            0.052484,             0.01851,          0.00049105,          0.00049105,          0.00049105
                1923,            0.049517,            0.068523,            0.023371,             0.97384,             0.83449,             0.88669,             0.78027,             0.04288,            0.052482,            0.018509,           0.0004861,           0.0004861,           0.0004861
                1924,            0.049231,             0.06743,            0.023189,             0.97367,             0.83454,             0.88669,             0.78034,            0.042879,            0.052476,            0.018509,          0.00048115,          0.00048115,          0.00048115
                1925,              0.0496,            0.068783,            0.023381,             0.97358,             0.83454,             0.88668,              0.7804,            0.042876,            0.052474,            0.018508,           0.0004762,           0.0004762,           0.0004762
                1926,            0.049344,            0.068186,            0.023231,             0.97393,             0.83434,             0.88667,             0.78039,            0.042874,            0.052472,            0.018508,          0.00047125,          0.00047125,          0.00047125
                1927,            0.049446,            0.068146,            0.023309,             0.97393,             0.83431,             0.88663,             0.78053,            0.042873,            0.052464,            0.018507,           0.0004663,           0.0004663,           0.0004663
                1928,            0.049418,            0.068722,            0.023288,             0.97384,             0.83443,             0.88663,             0.78055,            0.042872,            0.052459,            0.018506,          0.00046135,          0.00046135,          0.00046135
                1929,            0.049395,            0.067758,            0.023275,             0.97382,             0.83442,             0.88661,             0.78061,            0.042868,            0.052446,            0.018506,           0.0004564,           0.0004564,           0.0004564
                1930,            0.049455,            0.068395,            0.023312,             0.97372,             0.83453,             0.88664,             0.78072,            0.042866,            0.052446,            0.018506,          0.00045145,          0.00045145,          0.00045145
                1931,            0.049429,            0.068385,            0.023309,             0.97419,             0.83431,             0.88654,             0.78077,            0.042866,            0.052429,            0.018505,           0.0004465,           0.0004465,           0.0004465
                1932,            0.049371,            0.068766,            0.023264,             0.97405,             0.83433,              0.8866,             0.78085,            0.042866,            0.052419,            0.018504,          0.00044155,          0.00044155,          0.00044155
                1933,            0.049289,            0.068964,            0.023218,             0.97397,             0.83434,              0.8866,              0.7808,            0.042868,            0.052422,            0.018504,           0.0004366,           0.0004366,           0.0004366
                1934,            0.049465,            0.068211,            0.023338,             0.97394,             0.83447,             0.88658,             0.78077,            0.042868,            0.052399,            0.018503,          0.00043165,          0.00043165,          0.00043165
                1935,             0.04953,            0.068014,            0.023341,              0.9739,             0.83448,             0.88657,             0.78082,            0.042868,              0.0524,            0.018503,           0.0004267,           0.0004267,           0.0004267
                1936,            0.049394,             0.06755,            0.023318,             0.97435,             0.83426,             0.88657,             0.78088,            0.042867,            0.052394,            0.018503,          0.00042175,          0.00042175,          0.00042175
                1937,            0.049435,             0.06819,            0.023299,             0.97431,             0.83425,             0.88656,             0.78085,            0.042871,            0.052395,            0.018502,           0.0004168,           0.0004168,           0.0004168
                1938,            0.049268,            0.068246,            0.023233,             0.97418,             0.83435,             0.88657,             0.78073,            0.042875,            0.052398,            0.018502,          0.00041185,          0.00041185,          0.00041185
                1939,            0.049213,            0.067219,            0.023199,             0.97395,              0.8344,             0.88659,             0.78073,            0.042877,            0.052403,            0.018501,           0.0004069,           0.0004069,           0.0004069
                1940,            0.049401,            0.068334,            0.023274,             0.97385,             0.83448,             0.88657,             0.78067,            0.042879,            0.052403,            0.018501,          0.00040195,          0.00040195,          0.00040195
                1941,            0.049458,             0.06831,            0.023348,             0.97418,             0.83427,             0.88658,             0.78064,            0.042878,            0.052393,            0.018501,            0.000397,            0.000397,            0.000397
                1942,            0.049421,            0.068002,            0.023332,             0.97409,             0.83431,             0.88657,             0.78056,            0.042878,            0.052384,            0.018501,          0.00039205,          0.00039205,          0.00039205
                1943,            0.049521,            0.067843,            0.023421,             0.97407,             0.83435,             0.88657,             0.78048,            0.042879,             0.05239,              0.0185,           0.0003871,           0.0003871,           0.0003871
                1944,            0.049389,            0.068269,            0.023292,             0.97407,             0.83444,             0.88657,              0.7805,             0.04288,            0.052381,              0.0185,          0.00038215,          0.00038215,          0.00038215
                1945,            0.049471,            0.068424,            0.023374,             0.97387,             0.83439,             0.88658,             0.78056,            0.042878,            0.052384,            0.018499,           0.0003772,           0.0003772,           0.0003772
                1946,            0.049396,            0.067397,            0.023329,             0.97381,             0.83444,             0.88658,             0.78052,             0.04288,            0.052399,            0.018499,          0.00037225,          0.00037225,          0.00037225
                1947,             0.04939,             0.06791,            0.023305,             0.97379,             0.83451,             0.88656,             0.78053,            0.042876,            0.052382,            0.018498,           0.0003673,           0.0003673,           0.0003673
                1948,            0.049305,             0.06722,            0.023285,              0.9732,             0.83477,             0.88662,             0.78058,            0.042872,            0.052373,            0.018498,          0.00036235,          0.00036235,          0.00036235
                1949,            0.049183,            0.067575,            0.023218,             0.97361,             0.83458,             0.88663,             0.78052,            0.042873,            0.052376,            0.018497,           0.0003574,           0.0003574,           0.0003574
                1950,            0.049251,            0.067502,            0.023226,             0.97356,             0.83461,             0.88663,             0.78045,             0.04287,            0.052362,            0.018497,          0.00035245,          0.00035245,          0.00035245
                1951,            0.049197,            0.067305,            0.023167,             0.97348,             0.83463,             0.88662,             0.78052,            0.042867,             0.05235,            0.018496,           0.0003475,           0.0003475,           0.0003475
                1952,            0.049295,            0.067263,             0.02327,             0.97331,             0.83462,             0.88661,             0.78058,            0.042865,             0.05233,            0.018496,          0.00034255,          0.00034255,          0.00034255
                1953,            0.049322,             0.06732,             0.02331,              0.9734,             0.83463,             0.88658,             0.78053,            0.042864,            0.052324,            0.018496,           0.0003376,           0.0003376,           0.0003376
                1954,            0.049209,            0.067022,            0.023179,             0.97325,             0.83465,              0.8866,              0.7805,            0.042864,            0.052322,            0.018496,          0.00033265,          0.00033265,          0.00033265
                1955,            0.049516,            0.067684,            0.023431,             0.97313,             0.83471,              0.8866,             0.78042,            0.042865,            0.052325,            0.018495,           0.0003277,           0.0003277,           0.0003277
                1956,            0.049187,            0.066802,            0.023203,             0.97298,             0.83481,             0.88665,             0.78042,            0.042861,            0.052317,            0.018495,          0.00032275,          0.00032275,          0.00032275
                1957,            0.049145,            0.067522,            0.023149,             0.97279,             0.83487,             0.88664,             0.78041,            0.042863,            0.052305,            0.018495,           0.0003178,           0.0003178,           0.0003178
                1958,            0.049166,            0.067054,            0.023203,             0.97315,              0.8346,             0.88664,             0.78042,            0.042861,            0.052301,            0.018495,          0.00031285,          0.00031285,          0.00031285
                1959,            0.049099,            0.067528,             0.02316,             0.97308,             0.83468,             0.88667,             0.78053,             0.04286,            0.052292,            0.018494,           0.0003079,           0.0003079,           0.0003079
                1960,            0.049255,            0.067921,            0.023223,             0.97304,             0.83472,             0.88667,             0.78051,             0.04286,            0.052281,            0.018494,          0.00030295,          0.00030295,          0.00030295
                1961,             0.04924,            0.067022,            0.023263,             0.97304,             0.83471,             0.88665,             0.78054,            0.042861,            0.052274,            0.018494,            0.000298,            0.000298,            0.000298
                1962,            0.049201,            0.067314,             0.02325,             0.97296,             0.83478,             0.88666,             0.78063,             0.04286,            0.052277,            0.018494,          0.00029305,          0.00029305,          0.00029305
                1963,             0.04916,             0.06684,            0.023237,             0.97284,             0.83475,             0.88666,             0.78067,            0.042862,            0.052283,            0.018493,           0.0002881,           0.0002881,           0.0002881
                1964,            0.049278,            0.067458,            0.023267,             0.97265,             0.83477,             0.88663,             0.78062,            0.042858,            0.052277,            0.018493,          0.00028315,          0.00028315,          0.00028315
                1965,            0.049257,            0.067096,            0.023273,             0.97258,             0.83477,             0.88662,             0.78073,             0.04285,             0.05226,            0.018493,           0.0002782,           0.0002782,           0.0002782
                1966,            0.049081,            0.066698,            0.023127,             0.97313,             0.83466,             0.88664,             0.78082,            0.042845,             0.05223,            0.018493,          0.00027325,          0.00027325,          0.00027325
